NM_RAZAO_SOCIAL;CD_PROCESSO_SUSEP;NR_PROPOSTA;ID_PROPOSTA;DT_PROPOSTA;DT_INICIO_VIGENCIA;DT_FIM_VIGENCIA;NM_SEGURADO;NR_DOCUMENTO_SEGURADO;NM_MUNICIPIO_PROPRIEDADE;SG_UF_PROPRIEDADE;LATITUDE;NR_GRAU_LAT;NR_MIN_LAT;NR_SEG_LAT;LONGITUDE;NR_GRAU_LONG;NR_MIN_LONG;NR_SEG_LONG;NR_DECIMAL_LATITUDE;NR_DECIMAL_LONGITUDE;NM_CLASSIF_PRODUTO;NM_CULTURA_GLOBAL;NR_AREA_TOTAL;NR_ANIMAL;NR_PRODUTIVIDADE_ESTIMADA;NR_PRODUTIVIDADE_SEGURADA;NivelDeCobertura;VL_LIMITE_GARANTIA;VL_PREMIO_LIQUIDO;PE_TAXA;VL_SUBVENCAO_FEDERAL;NR_APOLICE;DT_APOLICE;ANO_APOLICE;CD_GEOCMU;VALOR_INDENIZAÇÃO;EVENTO_PREPONDERANTE
Aliança do Brasil Seguros S/A.;15414901479201927;55673994;1554722;07/01/2022;07/01/2022;07/01/2023;ANONIMIZADO;***;Terra Roxa;PR;-;-;-;-;-;-;-;-;-24,0946;-54,0341;CUSTEIO;Milho 2ª safra;70;-;7200;4680;0,65;424800;49560;0,116666667;19824;24059;10/01/2022;2022;4127403;350647,57; VENTOS FORTES/FRIOS
Aliança do Brasil Seguros S/A.;15414901479201927;51732422;1143980;09/06/2020;09/06/2020;09/06/2021;ANONIMIZADO;***;Nossa Senhora Aparecida;SE;S;10;25;48;W;37;29;40;-;-;CUSTEIO;Milho 1ª safra;76,63;-;6000;3900;0,65;147992,45;11757,17;0,079444391;2939,29;12344;12/06/2020;2020;2804458;67706,55; CHUVA EXCESSIVA
Aliança do Brasil Seguros S/A.;15414901479201927;55775322;1552256;22/01/2022;22/01/2022;22/01/2023;ANONIMIZADO;***;Anahy;PR;-;-;-;-;-;-;-;-;-24,653;-53,1696;CUSTEIO;Milho 2ª safra;22;-;3900;2535;0,65;108900;12705;0,116666667;5082;24352;26/01/2022;2022;4101051;36600,97; VENTOS FORTES/FRIOS
Aliança do Brasil Seguros S/A.;15414901479201927;55763752;1558859;21/01/2022;21/01/2022;21/01/2023;ANONIMIZADO;***;São Carlos do Ivaí;PR;-;-;-;-;-;-;-;-;-23,308;-52,4995;CUSTEIO;Milho 2ª safra;38;-;5248;3411,2;0,65;115192;13439,06;0,116666609;5375,62;24376;26/01/2022;2022;4124608;0; VENTOS FORTES/FRIOS
Aliança do Brasil Seguros S/A.;15414901479201927;54536953;1392018;01/07/2021;01/07/2021;01/07/2022;ANONIMIZADO;***;Redentora;RS;S;27;40;59;W;53;39;51;-;-;CUSTEIO;Trigo;11;-;3402,9;2211,89;0,650001469;130374,75;4005,11;0,030719982;1602,04;20534;05/07/2021;2021;4315404;0; GRANIZO
Aliança do Brasil Seguros S/A.;15414901479201927;50457115;1045329;12/09/2019;12/09/2019;11/09/2020;ANONIMIZADO;***;São Luiz Gonzaga;RS;S;28;18;28;W;54;58;55;-;-;CUSTEIO;Soja;203,7;-;3300;2310;0,7;407400;33335,74;0,081825577;11667,51;8200;27/09/2019;2019;4318903;219466,38; SECA
Aliança do Brasil Seguros S/A.;15414901479201927;50405406;1045771;03/09/2019;03/09/2019;02/09/2020;ANONIMIZADO;***;Palmeiras de Goiás;GO;S;16;43;22;W;50;2;26;-;-;CUSTEIO;Soja;52,52;-;3750;2625;0,7;126048;4540,99;0,036025879;1589,35;8167;27/09/2019;2019;5215702;-;-
Aliança do Brasil Seguros S/A.;15414901479201927;51695725;1125174;05/06/2020;05/06/2020;05/06/2021;ANONIMIZADO;***;Manoel Viana;RS;S;29;19;41;W;55;33;47;-;-;CUSTEIO;Trigo;50;-;2633;1711,45;0,65;75000;12000;0,16;4800;12309;08/06/2020;2020;4311759;22829; GEADA
Aliança do Brasil Seguros S/A.;15414901479201927;60053647;1984578;06/12/2024;06/12/2024;06/12/2025;ANONIMIZADO;***;Floraí;PR;-;-;-;-;-;-;-;-;-23,32202;-52,409231;CUSTEIO;Milho 2ª safra;46;-;4480;3360;0,75;403941,76;28353;0,070190812;11341,2;9649;06/01/2025;2025;4107801;-;-
Aliança do Brasil Seguros S/A.;15414901479201927;51429514;1117053;31/03/2020;31/03/2020;31/03/2021;ANONIMIZADO;***;Nova Xavantina;MT;S;14;51;24;W;52;22;36;-;-;CUSTEIO;Soja;120;-;3750;2625;0,7;266970;9403,27;0,035222197;2350,82;11184;02/04/2020;2020;5106257;78223,27; CHUVA EXCESSIVA
Aliança do Brasil Seguros S/A.;15414901479201927;51429463;1096204;31/03/2020;31/03/2020;31/03/2021;ANONIMIZADO;***;Capão do Cipó;RS;S;28;47;26;W;54;39;23;-;-;CUSTEIO;Trigo;150;-;2904;1887,6;0,65;198225;31716;0,16;11100,6;11156;02/04/2020;2020;4304655;45874,42; GEADA
Aliança do Brasil Seguros S/A.;15414901479201927;60053652;1984613;06/12/2024;06/12/2024;06/12/2025;ANONIMIZADO;***;São Carlos do Ivaí;PR;-;-;-;-;-;-;-;-;-23,273914;-52,519891;CUSTEIO;Milho 2ª safra;34;-;4320;3240;0,75;252837,31;18978,41;0,075061746;7591,36;9654;06/01/2025;2025;4124608;-;-
Aliança do Brasil Seguros S/A.;15414901479201927;54303334;1359964;01/06/2021;01/06/2021;01/06/2022;ANONIMIZADO;***;Colônia Vitória;PR;S;25;32;59;W;51;47;1;-;-;CUSTEIO;Trigo;28;-;4500;3150;0,7;420000;4685,33;0,011155548;1874,13;20019;10/06/2021;2021;4109401;0; GRANIZO
Aliança do Brasil Seguros S/A.;15414901479201927;54713578;1412427;27/07/2021;27/07/2021;27/07/2022;ANONIMIZADO;***;Porto Mauá;RS;S;27;35;53;W;54;37;11;-;-;CUSTEIO;Milho 1ª safra;18;-;7000;4550;0,65;92880;8194,07;0,088222115;2048,52;20754;28/07/2021;2021;4315057;0; VENTOS FORTES/FRIOS
Allianz Seguros S.A;15414002759200717;131300718;2011806;10/02/2025;10/02/2025;31/12/2025;ANONIMIZADO;***;Jataí;GO;S;18;2;18;W;51;11;57;-;-;PRODUTIVIDADE;Sorgo;93,69;-;3428,57;2400;0,700000292;224855,91;23609,27;0,104997329;9443,7;5177202579110002740;13/02/2025;2025;5211909;-;-
Aliança do Brasil Seguros S/A.;15414901479201927;51305637;1089249;03/03/2020;03/03/2020;03/03/2021;ANONIMIZADO;***;Palmas;PR;S;26;23;43;W;52;5;28;-;-;CUSTEIO;Milho 2ª safra;32;-;2000;1300;0,65;54400;4352;0,08;1740,8;10289;05/03/2020;2020;4117602;606,12; GEADA
Aliança do Brasil Seguros S/A.;15414901479201927;57776637;1677728;10/01/2023;10/01/2023;10/01/2024;ANONIMIZADO;***;São Carlos do Ivaí;PR;-;-;-;-;-;-;-;-;-23,364601;-52,513553;CUSTEIO;Milho 2ª safra;36;-;4062;2640,3;0,65;363312;58536,54;0,161119203;23414,61;3753;16/01/2023;2023;4124608;0; DEMAIS CAUSAS
Aliança do Brasil Seguros S/A.;15414901479201927;55763751;1575622;21/01/2022;21/01/2022;21/01/2023;ANONIMIZADO;***;São Carlos do Ivaí;PR;-;-;-;-;-;-;-;-;-23,2707;-52,4852;CUSTEIO;Milho 2ª safra;89;-;5248;3411,2;0,65;297466,4;34704,4;0,116666622;13881,76;24375;26/01/2022;2022;4124608;0; VENTOS FORTES/FRIOS
Aliança do Brasil Seguros S/A.;15414901479201927;50405386;1045675;30/08/2019;30/08/2019;29/08/2020;ANONIMIZADO;***;Nova Mutum;MT;S;13;46;55;W;55;39;13;-;-;CUSTEIO;Soja;431,93;-;3750;3000;0,8;907053;36182,31;0,039889962;10854,69;8153;27/09/2019;2019;5106224;-;-
Aliança do Brasil Seguros S/A.;15414901479201927;51429712;1104396;01/04/2020;01/04/2020;01/04/2021;ANONIMIZADO;***;Pejuçara;RS;S;28;25;26;W;53;43;12;-;-;CUSTEIO;Trigo;13,9;-;3000;1950;0,65;20366,84;3258,68;0,159999293;1140,54;11424;07/04/2020;2020;4314308;10016,59; GEADA
Aliança do Brasil Seguros S/A.;15414901479201927;51429707;1096657;01/04/2020;01/04/2020;01/04/2021;ANONIMIZADO;***;Pejuçara;RS;S;28;25;34;W;53;43;47;-;-;CUSTEIO;Trigo;14,8;-;3000;1950;0,65;21685,55;3469,68;0,159999631;1214,39;11368;06/04/2020;2020;4314308;19820,59; GEADA
Aliança do Brasil Seguros S/A.;15414901479201927;53519739;1292421;25/01/2021;25/01/2021;25/01/2022;ANONIMIZADO;***;Reserva do Iguaçu;PR;S;25;48;42;W;51;52;18;-;-;CUSTEIO;Feijão 1ª safra;18;-;2600;1690;0,65;54000;3846;0,071222222;961,5;17629;27/01/2021;2021;4121752;0; GRANIZO
Aliança do Brasil Seguros S/A.;15414901479201927;50457111;1045555;12/09/2019;12/09/2019;11/09/2020;ANONIMIZADO;***;São Borja;RS;S;28;47;19;W;55;44;22;-;-;CUSTEIO;Soja;80;-;3300;2475;0,75;176000;16201,46;0,09205375;5670,51;8198;27/09/2019;2019;4318002;146825,33; SECA
Aliança do Brasil Seguros S/A.;15414901479201927;52006749;1179260;31/07/2020;31/07/2020;31/07/2021;ANONIMIZADO;***;Paraúna;GO;S;17;1;11;W;50;40;53;-;-;CUSTEIO;Soja;78,88;-;3750;3000;0,8;303688;11843,83;0,038999993;2960,96;13133;03/08/2020;2020;5216403;53995,73; GRANIZO
Aliança do Brasil Seguros S/A.;15414901479201927;60049472;1989670;27/11/2024;27/11/2024;27/11/2025;ANONIMIZADO;***;Jataí;GO;-;-;-;-;-;-;-;-;-18,091882;-51,929193;CUSTEIO;Milho 2ª safra;147;-;5787;4050,9;0,7;763860;71955,43;0,094199762;11765,05;9621;06/01/2025;2025;5211909;-;-
Aliança do Brasil Seguros S/A.;15414901479201927;50418019;1046657;05/09/2019;05/09/2019;04/09/2020;ANONIMIZADO;***;Rio Grande;RS;S;32;12;39;W;52;31;30;-;-;CUSTEIO;Soja;46;-;2800;1820;0,65;105800;8657,14;0,08182552;3030;8183;27/09/2019;2019;4315602;-;-
Aliança do Brasil Seguros S/A.;15414901479201927;51429709;1104385;01/04/2020;01/04/2020;01/04/2021;ANONIMIZADO;***;Pejuçara;RS;S;28;25;40;W;53;42;59;-;-;CUSTEIO;Trigo;9;-;3000;1950;0,65;13187,16;2109,95;0,160000334;738,48;11421;07/04/2020;2020;4314308;12197,65; GEADA
Aliança do Brasil Seguros S/A.;15414901479201927;60055861;1985086;11/12/2024;11/12/2024;11/12/2025;ANONIMIZADO;***;Arapoti;PR;-;-;-;-;-;-;-;-;-24,125798;-49,872752;CUSTEIO;Trigo;44;-;3700;2405;0,65;193585,18;19368,9;0,10005363;7747,56;9704;06/01/2025;2025;4101606;-;-
Aliança do Brasil Seguros S/A.;15414901479201927;50721185;1049687;26/10/2019;26/10/2019;25/10/2020;ANONIMIZADO;***;Cacequi;RS;S;29;56;36;W;54;47;9;-;-;CUSTEIO;Soja;102;-;3300;2145;0,65;198872,46;12926,71;0,065000001;4524,35;8678;05/11/2019;2019;4302907;158678,7; INUNDAÇÃO/TROMBA D´ÁGUA
Aliança do Brasil Seguros S/A.;15414901479201927;60053650;1984600;06/12/2024;06/12/2024;06/12/2025;ANONIMIZADO;***;Santa Fé;PR;-;-;-;-;-;-;-;-;-22,998389;-51,823993;CUSTEIO;Milho 2ª safra;35;-;4560;3420;0,75;292752,85;19117,34;0,065301977;7646,93;9652;06/01/2025;2025;4123402;-;-
Aliança do Brasil Seguros S/A.;15414901479201927;55816033;1604666;31/01/2022;31/01/2022;31/01/2023;ANONIMIZADO;***;Ângulo;PR;-;-;-;-;-;-;-;-;-23,2194;-51,9429;CUSTEIO;Milho 2ª safra;11;-;6000;3900;0,65;49980;5831;0,116666667;2332,4;24830;24/03/2022;2022;4101150;0; VENTOS FORTES/FRIOS
Aliança do Brasil Seguros S/A.;15414901479201927;50615488;1046433;07/10/2019;07/10/2019;06/10/2020;ANONIMIZADO;***;Catalão;GO;S;18;1;41;W;47;49;24;-;-;CUSTEIO;Soja;34;-;3750;2625;0,7;79591,96;2803,41;0,035222276;981,19;8348;15/10/2019;2019;5205109;10299,2; SECA
Aliança do Brasil Seguros S/A.;15414901479201927;60054241;1984897;07/12/2024;07/12/2024;07/12/2025;ANONIMIZADO;***;Sabáudia;PR;-;-;-;-;-;-;-;-;-23,401868;-51,581552;CUSTEIO;Milho 2ª safra;88;-;4640;3248;0,7;758955,87;48031,76;0,063286631;19212,7;9674;06/01/2025;2025;4122701;-;-
Aliança do Brasil Seguros S/A.;15414901479201927;51338690;1104175;10/03/2020;10/03/2020;10/03/2021;ANONIMIZADO;***;São João do Ivaí;PR;S;24;2;56;W;51;49;48;-;-;CUSTEIO;Milho 2ª safra;160;-;5500;3575;0,65;304000;31920;0,105;12768;10463;11/03/2020;2020;4125001;168480,24; GRANIZO
Allianz Seguros S.A;15414002759200717;131360965;2012862;13/02/2025;13/02/2025;31/12/2025;ANONIMIZADO;***;Jataí;GO;S;18;5;12;W;51;34;30;-;-;PRODUTIVIDADE;Milho 2ª safra;52,51;-;6497,14;4548;0,700000308;238815,37;25854,2;0,108260201;10341,67;5177202579110003032;18/02/2025;2025;5211909;-;-
Aliança do Brasil Seguros S/A.;15414901479201927;51429706;1099260;01/04/2020;01/04/2020;01/04/2021;ANONIMIZADO;***;Pejuçara;RS;S;28;25;46;W;53;43;41;-;-;CUSTEIO;Trigo;22,5;-;3000;1950;0,65;32967,9;5274,85;0,159999575;1846,2;11367;06/04/2020;2020;4314308;27614,28; GEADA
Aliança do Brasil Seguros S/A.;15414901479201927;55816055;1604619;29/01/2022;29/01/2022;29/01/2023;ANONIMIZADO;***;Maringá;PR;-;-;-;-;-;-;-;-;-23,3204;-51,9579;CUSTEIO;Milho 2ª safra;37;-;6000;3900;0,65;157668;18394,6;0,116666667;7357,84;24837;24/03/2022;2022;4115200;0; VENTOS FORTES/FRIOS
Aliança do Brasil Seguros S/A.;15414901479201927;50426008;1045356;06/09/2019;06/09/2019;05/09/2020;ANONIMIZADO;***;São Borja;RS;S;28;55;20;W;56;14;3;-;-;CUSTEIO;Arroz;230;-;8250;6187,5;0,75;821100;38912,47;0,047390659;13619,36;8186;27/09/2019;2019;4318002;-;-
Aliança do Brasil Seguros S/A.;15414901479201927;52839461;1237000;24/09/2020;24/09/2020;24/09/2021;ANONIMIZADO;***;Pedras Altas;RS;S;31;58;55;W;53;45;33;-;-;CUSTEIO;Soja;30;-;2800;1820;0,65;84000;6720;0,08;1680;14395;28/09/2020;2020;4314175;81074,96; GRANIZO
Aliança do Brasil Seguros S/A.;15414901479201927;51429708;1098718;01/04/2020;01/04/2020;01/04/2021;ANONIMIZADO;***;Pejuçara;RS;S;28;25;40;W;53;43;19;-;-;CUSTEIO;Trigo;19,5;-;3000;1950;0,65;28572,18;4571,55;0,160000042;1600,04;11369;06/04/2020;2020;4314308;13074,95; GEADA
Aliança do Brasil Seguros S/A.;15414901479201927;50405380;1045446;30/08/2019;30/08/2019;29/08/2020;ANONIMIZADO;***;Campo Novo do Parecis;MT;S;13;27;25;W;57;38;53;-;-;CUSTEIO;Soja;848;-;3480;2784;0,8;2012134,4;80263,99;0,039889975;24079,2;8149;27/09/2019;2019;5102637;-;-
Aliança do Brasil Seguros S/A.;15414901479201927;51524582;1126789;20/04/2020;20/04/2020;20/04/2021;ANONIMIZADO;***;Goioxim;PR;S;25;5;7;W;51;55;3;-;-;CUSTEIO;Trigo;30,31;-;4500;3150;0,7;75775;4226,55;0,055777631;1479,29;11803;05/05/2020;2020;4108650;6001,38; GEADA
Aliança do Brasil Seguros S/A.;15414901479201927;60054244;1984858;07/12/2024;07/12/2024;07/12/2025;ANONIMIZADO;***;Sabáudia;PR;-;-;-;-;-;-;-;-;-23,373545;-51,558677;CUSTEIO;Milho 2ª safra;32;-;4640;3248;0,7;276314,77;17487,02;0,063286592;6994,8;9677;06/01/2025;2025;4122701;-;-
Aliança do Brasil Seguros S/A.;15414901479201927;51429696;1096646;01/04/2020;01/04/2020;01/04/2021;ANONIMIZADO;***;São Luiz Gonzaga;RS;S;28;25;52;W;55;9;1;-;-;CUSTEIO;Trigo;140;-;2993;1945,45;0,65;239400;38304;0,16;13406,4;11304;03/04/2020;2020;4318903;206458,56; GEADA
Aliança do Brasil Seguros S/A.;15414901479201927;50690884;1047873;18/10/2019;18/10/2019;17/10/2020;ANONIMIZADO;***;Campina da Lagoa;PR;S;24;37;10;W;52;44;16;-;-;CUSTEIO;Soja;53,24;-;3400;2550;0,75;109993,84;7748,45;0,070444399;2711,96;8483;24/10/2019;2019;4103909;34549,07; SECA
Aliança do Brasil Seguros S/A.;15414901479201927;51429705;1104375;01/04/2020;01/04/2020;01/04/2021;ANONIMIZADO;***;Pejuçara;RS;S;28;25;26;W;53;43;23;-;-;CUSTEIO;Trigo;11,5;-;3000;1950;0,65;16850,26;2696,04;0,159999905;943,61;11420;07/04/2020;2020;4314308;11142,34; GEADA
Aliança do Brasil Seguros S/A.;15414901479201927;51425884;1104407;30/03/2020;30/03/2020;30/03/2021;ANONIMIZADO;***;Pejuçara;RS;S;28;31;16;W;53;34;37;-;-;CUSTEIO;Trigo;177;-;2978;1935,7;0,65;299130;47860,8;0,16;16751,28;11046;31/03/2020;2020;4314308;149923,96; GEADA
Aliança do Brasil Seguros S/A.;15414901479201927;55240044;1486882;16/10/2021;16/10/2021;16/10/2022;ANONIMIZADO;***;Maçambará;RS;S;28;58;25;W;55;51;24;-;-;CUSTEIO;Arroz;80;-;8662,5;6063,75;0,7;508400;17601,94;0,034622227;4400,49;23199;20/10/2021;2021;4311718;0; VARIAÇÃO EXCESSIVA DE TEMPERATURA
Aliança do Brasil Seguros S/A.;15414901479201927;60054233;1984871;07/12/2024;07/12/2024;07/12/2025;ANONIMIZADO;***;Maringá;PR;-;-;-;-;-;-;-;-;-23,492467;-51,99496;CUSTEIO;Milho 2ª safra;33;-;4800;3600;0,75;312998,4;20780,64;0,06639216;8312,25;9666;06/01/2025;2025;4115200;-;-
Aliança do Brasil Seguros S/A.;15414901479201927;50405396;1045579;31/08/2019;31/08/2019;30/08/2020;ANONIMIZADO;***;Porto dos Gaúchos;MT;S;11;40;12;W;57;3;32;-;-;CUSTEIO;Soja;472;-;3750;2437,5;0,65;1027940,48;35163,42;0,034207642;12307,2;8158;27/09/2019;2019;5106802;-;-
Aliança do Brasil Seguros S/A.;15414901479201927;55816029;1569256;29/01/2022;29/01/2022;29/01/2023;ANONIMIZADO;***;Ourizona;PR;-;-;-;-;-;-;-;-;-23,448412;-52,221659;CUSTEIO;Milho 2ª safra;81;-;6000;3900;0,65;337171,2;39336,64;0,116666667;15734,66;25302;27/04/2022;2022;4117404;0; VENTOS FORTES/FRIOS
Aliança do Brasil Seguros S/A.;15414901479201927;51429614;1148353;01/04/2020;01/04/2020;01/04/2021;ANONIMIZADO;***;Maçambará;RS;S;29;4;58;W;55;46;30;-;-;CUSTEIO;Soja;76,5;-;2800;1820;0,65;160650;12852;0,08;3213;11283;03/04/2020;2020;4311718;88095; CHUVA EXCESSIVA
Aliança do Brasil Seguros S/A.;15414901479201927;50615487;1046416;07/10/2019;07/10/2019;06/10/2020;ANONIMIZADO;***;Catalão;GO;S;18;1;36;W;47;48;42;-;-;CUSTEIO;Soja;42;-;3750;2625;0,7;98319,48;3463,03;0,035222216;1212,06;8347;15/10/2019;2019;5205109;14679,1; SECA
Aliança do Brasil Seguros S/A.;15414901479201927;60054247;1984761;07/12/2024;07/12/2024;07/12/2025;ANONIMIZADO;***;Paiçandu;PR;-;-;-;-;-;-;-;-;-23,475283;-52,139065;CUSTEIO;Milho 2ª safra;26;-;4560;3420;0,75;230667,84;15622,58;0,067727603;6249,03;9680;06/01/2025;2025;4117503;-;-
Aliança do Brasil Seguros S/A.;15414901479201927;54166040;1345303;30/04/2021;30/04/2021;30/04/2022;ANONIMIZADO;***;Candói;PR;S;25;23;58;W;51;59;12;-;-;CUSTEIO;Trigo;39,19;-;4500;3150;0,7;587850;6557,78;0,011155533;2623,11;19257;06/05/2021;2021;4104428;0; VENTOS FORTES/FRIOS
Aliança do Brasil Seguros S/A.;15414901479201927;50704885;1047273;23/10/2019;23/10/2019;22/10/2020;ANONIMIZADO;***;Bossoroca;RS;S;28;39;7;W;54;51;51;-;-;CUSTEIO;Soja;325;-;3300;2145;0,65;650000;42250;0,065;14787,5;8643;04/11/2019;2019;4302501;468184,38; SECA
Aliança do Brasil Seguros S/A.;15414901479201927;50737872;1050723;01/11/2019;01/11/2019;31/10/2020;ANONIMIZADO;***;Bossoroca;RS;S;28;39;15;W;54;43;42;-;-;CUSTEIO;Soja;64;-;3300;2475;0,75;140800;12672;0,09;4435,2;8807;11/11/2019;2019;4302501;92330,71; INUNDAÇÃO/TROMBA D´ÁGUA
Aliança do Brasil Seguros S/A.;15414901479201927;60053645;1984557;06/12/2024;06/12/2024;06/12/2025;ANONIMIZADO;***;Ângulo;PR;-;-;-;-;-;-;-;-;-23,16194;-51,960584;CUSTEIO;Milho 2ª safra;21;-;4240;3180;0,75;181891,52;7521,57;0,041351955;3008,62;9647;06/01/2025;2025;4101150;-;-
Aliança do Brasil Seguros S/A.;15414901479201927;50875347;1081925;23/11/2019;23/11/2019;22/11/2020;ANONIMIZADO;***;Promissão;SP;S;21;38;26;W;49;55;46;-;-;CUSTEIO;Soja;133,2;-;2800;1820;0,65;270991,6;21378,23;0,078888903;7482,38;9109;27/11/2019;2019;3541604;41543,01; CHUVA EXCESSIVA
Aliança do Brasil Seguros S/A.;15414901479201927;60055290;1984936;10/12/2024;10/12/2024;10/12/2025;ANONIMIZADO;***;Atalaia;PR;-;-;-;-;-;-;-;-;-23,157821;-52,054576;CUSTEIO;Milho 2ª safra;57;-;4560;3420;0,75;505080;32626,59;0,064596876;13050,63;9700;06/01/2025;2025;4102208;-;-
Aliança do Brasil Seguros S/A.;15414901479201927;54912681;1501867;26/08/2021;26/08/2021;26/08/2022;ANONIMIZADO;***;Dom Pedrito;RS;S;31;7;42;W;54;23;23;-;-;CUSTEIO;Soja;236;-;2800;1820;0,65;715080,01;69918,93;0,097777772;13983,79;21495;30/08/2021;2021;4306601;0; GRANIZO
Aliança do Brasil Seguros S/A.;15414901479201927;50426007;1045364;06/09/2019;06/09/2019;05/09/2020;ANONIMIZADO;***;São Borja;RS;S;28;38;44;W;55;53;10;-;-;CUSTEIO;Soja;167;-;3300;2475;0,75;300600;27671,37;0,092053792;9684,98;8185;27/09/2019;2019;4318002;197945,1; INUNDAÇÃO/TROMBA D´ÁGUA
Aliança do Brasil Seguros S/A.;15414901479201927;51042478;1094667;06/01/2020;06/01/2020;05/01/2021;ANONIMIZADO;***;Corbélia;PR;S;24;47;34;W;53;13;58;-;-;CUSTEIO;Milho 2ª safra;57,3;-;6500;4225;0,65;141220,43;14828,15;0,105000034;5189,85;9708;07/01/2020;2020;4106308;14499,78; INUNDAÇÃO/TROMBA D´ÁGUA
Aliança do Brasil Seguros S/A.;15414901479201927;50405387;1045602;30/08/2019;30/08/2019;29/08/2020;ANONIMIZADO;***;Nova Mutum;MT;S;13;46;30;W;55;37;55;-;-;CUSTEIO;Soja;541,81;-;3750;3000;0,8;1137801;45386,86;0,039889981;13616,06;8154;27/09/2019;2019;5106224;-;-
Aliança do Brasil Seguros S/A.;15414901479201927;50405401;1051555;31/08/2019;31/08/2019;30/08/2020;ANONIMIZADO;***;Nova Mutum;MT;S;14;1;9;W;55;29;12;-;-;CUSTEIO;Soja;767;-;3750;3000;0,8;2301000;91786,84;0,039889978;27536,05;8163;27/09/2019;2019;5106224;-;-
Aliança do Brasil Seguros S/A.;15414901479201927;51310664;1145668;06/03/2020;06/03/2020;06/03/2021;ANONIMIZADO;***;Vitorino;PR;S;26;14;28;W;52;50;13;-;-;CUSTEIO;Feijão 1ª safra;15,26;-;2000;1300;0,65;34335;2746,8;0,08;686,7;10393;09/03/2020;2020;4128708;11707,01; GEADA
Aliança do Brasil Seguros S/A.;15414901479201927;55816020;1569522;31/01/2022;31/01/2022;31/01/2023;ANONIMIZADO;***;Atalaia;PR;-;-;-;-;-;-;-;-;-23,146022;-52,037958;CUSTEIO;Milho 2ª safra;25;-;6000;3900;0,65;117450;13702,5;0,116666667;5481;25297;27/04/2022;2022;4102208;0; VENTOS FORTES/FRIOS
Aliança do Brasil Seguros S/A.;15414901479201927;50687131;1048816;15/10/2019;15/10/2019;14/10/2020;ANONIMIZADO;***;Ivaí;PR;S;24;54;16;W;50;56;27;-;-;CUSTEIO;Soja;15,32;-;3570;2677,5;0,75;33826,1;2225,01;0,065777905;778,75;8547;28/10/2019;2019;4111407;20904,53; SECA
Aliança do Brasil Seguros S/A.;15414901479201927;50405400;1051566;31/08/2019;31/08/2019;30/08/2020;ANONIMIZADO;***;Nova Mutum;MT;S;14;3;1;W;55;28;25;-;-;CUSTEIO;Soja;740;-;3750;3000;0,8;2220000;88555,75;0,039889977;26566,73;8162;27/09/2019;2019;5106224;-;-
Aliança do Brasil Seguros S/A.;15414901479201927;57890264;1678269;20/01/2023;20/01/2023;20/01/2024;ANONIMIZADO;***;Quinta do Sol;PR;-;-;-;-;-;-;-;-;-23,90358;-52,208461;CUSTEIO;Milho 2ª safra;22;-;4165;2707,25;0,65;171600;18543,92;0,108064802;7417,56;3851;27/01/2023;2023;4121109;0; DEMAIS CAUSAS
Aliança do Brasil Seguros S/A.;15414901479201927;57868831;1678003;16/01/2023;16/01/2023;16/01/2024;ANONIMIZADO;***;Guaraci;PR;-;-;-;-;-;-;-;-;-22,916847;-51,584716;CUSTEIO;Milho 2ª safra;20;-;4062;2640,3;0,65;95229,02;10290,9;0,108064747;4116,36;3790;19/01/2023;2023;4109203;0; DEMAIS CAUSAS
Aliança do Brasil Seguros S/A.;15414901479201927;55816057;1604616;29/01/2022;29/01/2022;29/01/2023;ANONIMIZADO;***;Ângulo;PR;-;-;-;-;-;-;-;-;-23,2477;-51,956;CUSTEIO;Milho 2ª safra;73;-;6000;3900;0,65;370000;43166,66;0,116666649;17266,66;24839;24/03/2022;2022;4101150;0; VENTOS FORTES/FRIOS
Aliança do Brasil Seguros S/A.;15414901479201927;51429494;1117769;31/03/2020;31/03/2020;31/03/2021;ANONIMIZADO;***;Nova Xavantina;MT;S;14;52;15;W;52;21;34;-;-;CUSTEIO;Soja;60;-;3750;2625;0,7;133485;4701,64;0,035222235;1175,41;11170;02/04/2020;2020;5106257;9352,12; CHUVA EXCESSIVA
Aliança do Brasil Seguros S/A.;15414901479201927;57765542;1679234;09/01/2023;09/01/2023;09/01/2024;ANONIMIZADO;***;Candido Mota;SP;-;-;-;-;-;-;-;-;-22,752935;-50,443457;CUSTEIO;Milho 2ª safra;12;-;4662;3030,3;0,65;43343,39;5890,35;0,135899615;2356,14;3733;16/01/2023;2023;3510005;0; DEMAIS CAUSAS
Aliança do Brasil Seguros S/A.;15414901479201927;55816015;1604678;31/01/2022;31/01/2022;31/01/2023;ANONIMIZADO;***;Ivatuba;PR;-;-;-;-;-;-;-;-;-23,5868;-52,1828;CUSTEIO;Milho 2ª safra;62;-;6000;3900;0,65;343200;40040;0,116666667;16016;24823;24/03/2022;2022;4111605;93150,15; VENTOS FORTES/FRIOS
Aliança do Brasil Seguros S/A.;15414901479201927;50457122;1047064;12/09/2019;12/09/2019;11/09/2020;ANONIMIZADO;***;São Luiz Gonzaga;RS;S;28;21;25;W;55;1;50;-;-;CUSTEIO;Soja;25;-;3300;2310;0,7;50000;4091,28;0,0818256;1431,95;8233;01/10/2019;2019;4318903;25330; SECA
Aliança do Brasil Seguros S/A.;15414901479201927;51816327;1131811;29/06/2020;29/06/2020;29/06/2021;ANONIMIZADO;***;Arroio Grande;RS;S;32;5;38;W;52;50;6;-;-;CUSTEIO;Trigo;20;-;2600;1690;0,65;40000;6400;0,16;2560;12657;30/06/2020;2020;4301305;13328; CHUVA EXCESSIVA
Aliança do Brasil Seguros S/A.;15414901479201927;50411136;1045573;04/09/2019;07/09/2019;06/09/2020;ANONIMIZADO;***;Catalão;GO;S;17;56;13;W;47;23;20;-;-;CUSTEIO;Soja;360;-;3750;2437,5;0,65;864000;29555,4;0,034207639;10344,39;8177;27/09/2019;2019;5205109;-;-
Aliança do Brasil Seguros S/A.;15414901479201927;60055862;1985170;11/12/2024;11/12/2024;11/12/2025;ANONIMIZADO;***;Arapoti;PR;-;-;-;-;-;-;-;-;-24,116948;-49,869609;CUSTEIO;Trigo;19;-;3700;2405;0,65;82023,96;8206,8;0,100053692;3282,72;9705;06/01/2025;2025;4101606;-;-
Aliança do Brasil Seguros S/A.;15414901479201927;52006748;1179191;31/07/2020;31/07/2020;31/07/2021;ANONIMIZADO;***;Paraúna;GO;S;17;1;5;W;50;40;8;-;-;CUSTEIO;Soja;187,52;-;3750;3000;0,8;721952;28156,12;0,038999989;7039,03;13132;03/08/2020;2020;5216403;293401,29; GRANIZO
Aliança do Brasil Seguros S/A.;15414901479201927;57765551;1679306;09/01/2023;09/01/2023;09/01/2024;ANONIMIZADO;***;Angélica;MS;-;-;-;-;-;-;-;-;-21,965912;-53,783601;CUSTEIO;Milho 2ª safra;223;-;3762;2445,3;0,65;379350;40994,38;0,108064795;16397,75;3742;16/01/2023;2023;5000856;0; DEMAIS CAUSAS
Aliança do Brasil Seguros S/A.;15414901479201927;54166039;1345313;30/04/2021;30/04/2021;30/04/2022;ANONIMIZADO;***;Candói;PR;S;25;23;50;W;51;59;9;-;-;CUSTEIO;Trigo;14,28;-;4500;3150;0,7;214200;2389,52;0,011155556;955,81;19256;06/05/2021;2021;4104428;0; VENTOS FORTES/FRIOS
Aliança do Brasil Seguros S/A.;15414901479201927;51524802;1130265;10/09/2019;10/09/2019;09/09/2020;ANONIMIZADO;***;Rio Verde;GO;S;17;55;15;W;50;43;45;-;-;CUSTEIO;Milho 2ª safra;30;-;8000;5200;0,65;57000;3135;0,055;1254;11980;06/05/2020;2020;5218805;10066,06; VENTOS FORTES/FRIOS
Aliança do Brasil Seguros S/A.;15414901479201927;51247595;1089362;14/02/2020;14/02/2020;13/02/2021;ANONIMIZADO;***;Vitorino;PR;S;26;9;4;W;52;49;1;-;-;CUSTEIO;Milho 2ª safra;7,26;-;6500;4225;0,65;15789,34;1570,62;0,099473442;549,72;9913;17/02/2020;2020;4128708;13889,17; CHUVA EXCESSIVA
Aliança do Brasil Seguros S/A.;15414901479201927;51988631;1171593;28/07/2020;28/07/2020;28/07/2021;ANONIMIZADO;***;Cascavel;PR;S;25;2;1;W;53;14;7;-;-;CUSTEIO;Milho 1ª safra;363,6;-;10000;7000;0,7;1420036,16;67372,83;0,047444447;16843,21;13058;29/07/2020;2020;4104808;190000,84; CHUVA EXCESSIVA
Aliança do Brasil Seguros S/A.;15414901479201927;60055288;1984983;10/12/2024;10/12/2024;10/12/2025;ANONIMIZADO;***;Atalaia;PR;-;-;-;-;-;-;-;-;-23,149957;-51,978079;CUSTEIO;Milho 2ª safra;18;-;4560;3420;0,75;164172,96;10605,08;0,064596996;4242,03;9698;06/01/2025;2025;4102208;-;-
Allianz Seguros S.A;15414002759200717;131436907;2013710;19/02/2025;19/02/2025;31/12/2025;ANONIMIZADO;***;Jataí;GO;S;18;5;54;W;51;49;28;-;-;PRODUTIVIDADE;Milho 2ª safra;113;-;6497,14;4548;0,700000308;513923,77;52009,03;0,101199892;20803,6;5177202579110003602;24/02/2025;2025;5211909;-;-
Aliança do Brasil Seguros S/A.;15414901479201927;54047773;1346579;31/03/2021;31/03/2021;31/03/2022;ANONIMIZADO;***;Pinhão;PR;S;25;40;8;W;51;39;44;-;-;CUSTEIO;Cevada;33,78;-;5500;3850;0,7;506700;5348,5;0,010555556;2139,4;18819;05/04/2021;2021;4119301;3554,35; GRANIZO
Aliança do Brasil Seguros S/A.;15414901479201927;51547778;1125973;07/05/2020;07/05/2020;07/05/2021;ANONIMIZADO;***;Quedas do Iguaçu;PR;S;25;27;10;W;52;58;30;-;-;CUSTEIO;Trigo;19,2;-;2820;1833;0,65;29328;4692,47;0,159999659;1876,99;12033;08/05/2020;2020;4120903;20022,2; GEADA
Aliança do Brasil Seguros S/A.;15414901479201927;51338644;1146351;07/03/2020;07/03/2020;07/03/2021;ANONIMIZADO;***;Palma Sola;SC;S;26;20;54;W;53;12;34;-;-;CUSTEIO;Feijão 1ª safra;55,18;-;2400;1560;0,65;110360;8559,03;0,077555545;2139,75;10439;11/03/2020;2020;4212007;7646,14; GEADA
Aliança do Brasil Seguros S/A.;15414901479201927;54495694;1372858;23/06/2021;23/06/2021;23/06/2022;ANONIMIZADO;***;Colônia Jordãozinho;PR;S;25;31;50;W;51;45;8;-;-;CUSTEIO;Cevada;20;-;5500;3850;0,7;120000;5620;0,046833333;2248;20409;24/06/2021;2021;4109401;0; GRANIZO
Aliança do Brasil Seguros S/A.;15414901479201927;51409870;1093584;26/03/2020;26/03/2020;26/03/2021;ANONIMIZADO;***;Teodoro Sampaio;SP;S;22;27;49;W;52;16;34;-;-;CUSTEIO;Milho 2ª safra;31,94;-;4701;3055,65;0,65;49593,24;5207,28;0,104999794;2082,91;10895;27/03/2020;2020;3554300;17222,82; CHUVA EXCESSIVA
Aliança do Brasil Seguros S/A.;15414901479201927;51042476;1094607;06/01/2020;06/01/2020;05/01/2021;ANONIMIZADO;***;Corbélia;PR;S;24;46;25;W;53;12;12;-;-;CUSTEIO;Milho 2ª safra;50,3;-;6500;4225;0,65;123968,37;13016,67;0,104999929;4555,83;9706;07/01/2020;2020;4106308;29052,07; INUNDAÇÃO/TROMBA D´ÁGUA
Aliança do Brasil Seguros S/A.;15414901479201927;51414092;1096050;27/03/2020;27/03/2020;27/03/2021;ANONIMIZADO;***;São Borja;RS;S;28;36;47;W;55;52;15;-;-;CUSTEIO;Trigo;90;-;2842;1847,3;0,65;180000;28800;0,16;10080;10917;30/03/2020;2020;4318002;151434; GEADA
Aliança do Brasil Seguros S/A.;15414901479201927;50405407;1047077;03/09/2019;03/09/2019;02/09/2020;ANONIMIZADO;***;Santa Helena de Goiás;GO;S;17;53;59;W;50;27;23;-;-;CUSTEIO;Soja;23;-;3750;2625;0,7;55330,64;1993,33;0,03602579;697,67;8256;08/10/2019;2019;5219308;-;-
Aliança do Brasil Seguros S/A.;15414901479201927;60054245;1984884;07/12/2024;07/12/2024;07/12/2025;ANONIMIZADO;***;Arapongas;PR;-;-;-;-;-;-;-;-;-23,366507;-51,521214;CUSTEIO;Milho 2ª safra;40;-;4640;3248;0,7;356966,53;22253,08;0,062339402;8901,23;9678;06/01/2025;2025;4101507;-;-
Aliança do Brasil Seguros S/A.;15414901479201927;51429515;1118020;31/03/2020;31/03/2020;31/03/2021;ANONIMIZADO;***;Nova Xavantina;MT;S;14;52;15;W;52;21;14;-;-;CUSTEIO;Soja;103;-;3750;2625;0,7;229149,25;8071,15;0,035222241;2017,79;11255;03/04/2020;2020;5106257;45934,36; CHUVA EXCESSIVA
Aliança do Brasil Seguros S/A.;15414901479201927;51524529;1125094;18/04/2020;18/04/2020;18/04/2021;ANONIMIZADO;***;Campo Novo;RS;S;27;39;10;W;53;49;49;-;-;CUSTEIO;Trigo;109,6;-;2829;1838,85;0,65;175360;28057,6;0,16;9820,16;11643;04/05/2020;2020;4304002;116456,58; GEADA
Aliança do Brasil Seguros S/A.;15414901479201927;50411135;1045504;04/09/2019;04/09/2019;03/09/2020;ANONIMIZADO;***;Catalão;GO;S;17;57;6;W;47;21;45;-;-;CUSTEIO;Soja;360;-;3750;2437,5;0,65;864000;29555,4;0,034207639;10344,39;8176;27/09/2019;2019;5205109;-;-
Aliança do Brasil Seguros S/A.;15414901479201927;52872367;1278291;01/10/2020;01/10/2020;01/10/2021;ANONIMIZADO;***;São Gabriel;RS;S;30;10;19;W;54;2;15;-;-;CUSTEIO;Soja;22;-;3000;1950;0,65;55000;4180;0,076;1045;14686;09/10/2020;2020;4318309;15361,5; GRANIZO
Aliança do Brasil Seguros S/A.;15414901479201927;55799193;1554936;27/01/2022;27/01/2022;27/01/2023;ANONIMIZADO;***;Ubiratã;PR;-;-;-;-;-;-;-;-;-24,4265;-53,0388;CUSTEIO;Milho 2ª safra;33;-;7200;4680;0,65;154001,54;17966,84;0,116666626;7186,74;24616;31/01/2022;2022;4128005;83125,46; VENTOS FORTES/FRIOS
Aliança do Brasil Seguros S/A.;15414901479201927;54652077;1404583;12/07/2021;12/07/2021;12/07/2022;ANONIMIZADO;***;Palmas;PR;S;26;23;33;W;52;4;-;-;-;CUSTEIO;Trigo;130;-;3163,6;2056,34;0,65;1950000;49179;0,02522;19671,6;20621;15/07/2021;2021;4117602;139913,62; GRANIZO
Aliança do Brasil Seguros S/A.;15414901479201927;51554002;1124966;08/05/2020;08/05/2020;08/05/2021;ANONIMIZADO;***;Carazinho;RS;S;28;21;18;W;52;55;54;-;-;CUSTEIO;Trigo;38;-;3050;1982,5;0,65;39900;6384;0,16;2553,6;12037;11/05/2020;2020;4304705;39900; GEADA
Aliança do Brasil Seguros S/A.;15414901479201927;50611887;1059216;04/10/2019;04/10/2019;03/10/2020;ANONIMIZADO;***;Cianorte;PR;S;23;46;35;W;52;40;56;-;-;CUSTEIO;Soja;67,76;-;3500;2275;0,65;135520;11790,24;0,087;4126,58;8385;16/10/2019;2019;4105508;67216,32; SECA
Aliança do Brasil Seguros S/A.;15414901479201927;55816016;1604640;31/01/2022;31/01/2022;31/01/2023;ANONIMIZADO;***;Ângulo;PR;-;-;-;-;-;-;-;-;-23,2552;-51,9482;CUSTEIO;Milho 2ª safra;19;-;6000;3900;0,65;81690;9530,5;0,116666667;3812,2;24824;24/03/2022;2022;4101150;20203,6; VENTOS FORTES/FRIOS
Aliança do Brasil Seguros S/A.;15414901479201927;50405378;1038745;30/08/2019;30/08/2019;29/08/2020;ANONIMIZADO;***;Santa Helena de Goiás;GO;S;17;44;54;W;50;30;40;-;-;CUSTEIO;Cana-de-açúcar;142;-;120;84;0,7;491109,84;9544,01;0,019433555;3340,4;8148;27/09/2019;2019;5219308;5396,83; INCÊNDIO
Aliança do Brasil Seguros S/A.;15414901479201927;50457119;1046023;12/09/2019;12/09/2019;11/09/2020;ANONIMIZADO;***;São Luiz Gonzaga;RS;S;28;21;26;W;55;4;47;-;-;CUSTEIO;Soja;36;-;3300;2310;0,7;72000;5891,44;0,081825556;2062;8230;01/10/2019;2019;4318903;34178,4; SECA
Aliança do Brasil Seguros S/A.;15414901479201927;54942507;1503446;03/09/2021;03/09/2021;03/09/2022;ANONIMIZADO;***;Garruchos;RS;S;28;13;13;W;55;32;25;-;-;CUSTEIO;Soja;72;-;2800;1820;0,65;252000,01;22399,98;0,088888806;4480;21819;08/09/2021;2021;4308656;134920,38; DEMAIS CAUSAS
Aliança do Brasil Seguros S/A.;15414901479201927;51874548;1165888;09/07/2020;09/07/2020;09/07/2021;ANONIMIZADO;***;Rolador;RS;S;28;11;37;W;54;48;49;-;-;CUSTEIO;Trigo;25,88;-;2933;1906,45;0,65;36232;5797,12;0,16;2318,85;12813;13/07/2020;2020;4315958;33593,24; GEADA
Aliança do Brasil Seguros S/A.;15414901479201927;50405388;1045593;30/08/2019;30/08/2019;29/08/2020;ANONIMIZADO;***;Nova Mutum;MT;S;13;45;25;W;55;38;20;-;-;CUSTEIO;Soja;480,13;-;3750;3000;0,8;1008273;40219,99;0,03988998;12066;8155;27/09/2019;2019;5106224;-;-
Aliança do Brasil Seguros S/A.;15414901479201927;50620464;1046589;08/10/2019;08/10/2019;07/10/2020;ANONIMIZADO;***;Cacequi;RS;S;29;47;56;W;54;22;33;-;-;CUSTEIO;Soja;92;-;3300;2145;0,65;192489,76;12511,83;0,064999977;4379,14;8317;14/10/2019;2019;4302907;72956,97; INUNDAÇÃO/TROMBA D´ÁGUA
Aliança do Brasil Seguros S/A.;15414901479201927;51834869;1146944;02/07/2020;02/07/2020;02/07/2021;ANONIMIZADO;***;Pelotas;RS;S;31;40;53;W;52;16;6;-;-;CUSTEIO;Soja;120;-;2835;1842,75;0,65;300000;22800;0,076;5700;12779;06/07/2020;2020;4314407;88592,58; CHUVA EXCESSIVA
Aliança do Brasil Seguros S/A.;15414901479201927;57765543;1679377;09/01/2023;09/01/2023;09/01/2024;ANONIMIZADO;***;Itaquiraí;MS;-;-;-;-;-;-;-;-;-23,488297;-54,060513;CUSTEIO;Milho 2ª safra;28;-;3762;2445,3;0,65;191952;41458,75;0,215984986;16583,5;3734;16/01/2023;2023;5004601;0; DEMAIS CAUSAS
Aliança do Brasil Seguros S/A.;15414901479201927;52939111;1277899;22/10/2020;22/10/2020;22/10/2021;ANONIMIZADO;***;São Luiz Gonzaga;RS;S;28;31;2;W;54;42;45;-;-;CUSTEIO;Soja;114;-;3300;2475;0,75;342000;30780;0,09;7695;15779;29/10/2020;2020;4318903;34518,34; GRANIZO
Aliança do Brasil Seguros S/A.;15414901479201927;60053133;1984546;05/12/2024;05/12/2024;05/12/2025;ANONIMIZADO;***;Centenário do Sul;PR;-;-;-;-;-;-;-;-;-22,765501;-51,530072;CUSTEIO;Milho 2ª safra;46;-;4240;3180;0,75;394459,52;26745,32;0,067802445;10698,12;9632;06/01/2025;2025;4105102;-;-
Aliança do Brasil Seguros S/A.;15414901479201927;50405377;1045587;30/08/2019;30/08/2019;29/08/2020;ANONIMIZADO;***;Itapejara d'Oeste;PR;S;26;2;3;W;52;47;41;-;-;CUSTEIO;Soja;46,7;-;3575;2502,5;0,7;101245,6;5937,21;0,058641659;2078,02;8147;27/09/2019;2019;4111209;-;-
Aliança do Brasil Seguros S/A.;15414901479201927;50892823;1084153;28/11/2019;28/11/2019;27/11/2020;ANONIMIZADO;***;Confresa;MT;S;10;34;26;W;51;41;38;-;-;CUSTEIO;Soja;191;-;3750;3000;0,8;573000;22347;0,039;6704,1;9226;02/12/2019;2019;5103353;191614,23; CHUVA EXCESSIVA
Aliança do Brasil Seguros S/A.;15414901479201927;60054242;1984697;07/12/2024;07/12/2024;07/12/2025;ANONIMIZADO;***;Arapongas;PR;-;-;-;-;-;-;-;-;-23,47495;-51,393762;CUSTEIO;Milho 2ª safra;35;-;4640;3480;0,75;315541,12;20427,82;0,064739011;8171,12;9675;06/01/2025;2025;4101507;-;-
Aliança do Brasil Seguros S/A.;15414901479201927;50405366;1051764;29/08/2019;29/08/2019;28/08/2020;ANONIMIZADO;***;Nova Marilândia;MT;S;14;10;24;W;57;5;49;-;-;CUSTEIO;Soja;860;-;3750;3000;0,8;1806000;72041,3;0,039889978;21612,39;8144;27/09/2019;2019;5108857;-;-
Aliança do Brasil Seguros S/A.;15414901479201927;50434111;1045425;09/09/2019;09/09/2019;08/09/2020;ANONIMIZADO;***;Terra Boa;PR;S;23;41;53;W;52;21;20;-;-;CUSTEIO;Soja;65;-;3500;2450;0,7;136500;9959,19;0,072961099;3485,72;8194;27/09/2019;2019;4127205;-;-
Aliança do Brasil Seguros S/A.;15414901479201927;50615531;1046637;07/10/2019;07/10/2019;06/10/2020;ANONIMIZADO;***;Ipê;RS;S;28;41;14;W;51;22;58;-;-;CUSTEIO;Soja;36;-;2800;1820;0,65;75600;6048;0,08;2116,8;8399;16/10/2019;2019;4310439;56185,92; INUNDAÇÃO/TROMBA D´ÁGUA
Aliança do Brasil Seguros S/A.;15414901479201927;51042477;1094627;06/01/2020;06/01/2020;05/01/2021;ANONIMIZADO;***;Corbélia;PR;S;24;48;6;W;53;13;37;-;-;CUSTEIO;Milho 2ª safra;31,4;-;6500;4225;0,65;77387,81;8125,72;0,104999999;2844;9707;07/01/2020;2020;4106308;16537,78; INUNDAÇÃO/TROMBA D´ÁGUA
Aliança do Brasil Seguros S/A.;15414901479201927;54310022;1355982;04/06/2021;04/06/2021;04/06/2022;ANONIMIZADO;***;Colônia Vitória;PR;S;25;33;40;W;51;33;44;-;-;CUSTEIO;Cevada;18,84;-;5500;3850;0,7;292020;5470,51;0,01873334;2188,2;19886;09/06/2021;2021;4109401;0; GRANIZO
Aliança do Brasil Seguros S/A.;15414901479201927;51357715;1146660;12/03/2020;12/03/2020;12/03/2021;ANONIMIZADO;***;Marmeleiro;PR;S;26;20;8;W;53;7;33;-;-;CUSTEIO;Feijão 1ª safra;20;-;2200;1430;0,65;42850;3428;0,08;857;10536;16/03/2020;2020;4115408;25984,24; GEADA
Aliança do Brasil Seguros S/A.;15414901479201927;50405410;1045652;03/09/2019;03/09/2019;02/09/2020;ANONIMIZADO;***;Ibiraci;MG;S;20;31;48;W;47;4;11;-;-;CUSTEIO;Café;10;-;3450;2415;0,7;150000;6682,42;0,044549467;2338,85;8170;27/09/2019;2019;3129707;-;-
Aliança do Brasil Seguros S/A.;15414901479201927;60053646;1984567;06/12/2024;06/12/2024;06/12/2025;ANONIMIZADO;***;Floraí;PR;-;-;-;-;-;-;-;-;-23,322014;-52,409239;CUSTEIO;Milho 2ª safra;38;-;4480;3360;0,75;337514,24;23690,42;0,070190876;9476,16;9648;06/01/2025;2025;4107801;-;-
Aliança do Brasil Seguros S/A.;15414901479201927;60055278;1985026;10/12/2024;10/12/2024;10/12/2025;ANONIMIZADO;***;Mandaguaçu;PR;-;-;-;-;-;-;-;-;-23,16503;-51,973523;CUSTEIO;Milho 2ª safra;44;-;4240;3180;0,75;369451,52;22771,18;0,061635096;9108,47;9688;06/01/2025;2025;4114104;-;-
Aliança do Brasil Seguros S/A.;15414901479201927;51379275;1146742;17/03/2020;17/03/2020;17/03/2021;ANONIMIZADO;***;Ronda Alta;RS;S;27;40;32;W;52;50;8;-;-;CUSTEIO;Feijão 1ª safra;30;-;2000;1300;0,65;45000;3600;0,08;900;10728;23/03/2020;2020;4316105;21325,98; GEADA
Aliança do Brasil Seguros S/A.;15414901479201927;50604508;1046755;02/10/2019;02/10/2019;01/10/2020;ANONIMIZADO;***;Guarapuava;PR;S;25;32;51;W;51;28;18;-;-;CUSTEIO;Feijão 1ª safra;22,63;-;2600;1820;0,7;67890;4857,91;0,071555605;1700,27;8302;14/10/2019;2019;4109401;37950,51; GRANIZO
Aliança do Brasil Seguros S/A.;15414901479201927;50405381;1045711;30/08/2019;30/08/2019;29/08/2020;ANONIMIZADO;***;Sorriso;MT;S;13;14;45;W;55;51;17;-;-;CUSTEIO;Soja;120;-;3750;2625;0,7;351000;14001,38;0,039889972;4900,48;8150;27/09/2019;2019;5107925;-;-
Aliança do Brasil Seguros S/A.;15414901479201927;50615492;1054286;07/10/2019;07/10/2019;06/10/2020;ANONIMIZADO;***;Catalão;GO;S;18;1;14;W;47;48;54;-;-;CUSTEIO;Soja;44;-;3750;2625;0,7;51280;1059,78;0,020666537;370,92;8351;15/10/2019;2019;5205109;7978,01; SECA
Aliança do Brasil Seguros S/A.;15414901479201927;51429508;1117037;31/03/2020;31/03/2020;31/03/2021;ANONIMIZADO;***;Nova Xavantina;MT;S;14;52;55;W;52;22;7;-;-;CUSTEIO;Soja;40;-;3750;2625;0,7;88990;3134,43;0,035222272;783,61;11181;02/04/2020;2020;5106257;42500,02; CHUVA EXCESSIVA
Aliança do Brasil Seguros S/A.;15414901479201927;60055284;1985062;10/12/2024;10/12/2024;10/12/2025;ANONIMIZADO;***;Flórida;PR;-;-;-;-;-;-;-;-;-23,113442;-51,986807;CUSTEIO;Milho 2ª safra;122;-;4160;3120;0,75;1017144,32;69544,65;0,068372451;27817,86;9694;06/01/2025;2025;4108106;-;-
Aliança do Brasil Seguros S/A.;15414901479201927;50704866;1039194;23/10/2019;23/10/2019;04/10/2020;ANONIMIZADO;***;Birigui;SP;S;21;11;6;W;50;22;47;-;-;CUSTEIO;Cana-de-açúcar;107;-;110;71,5;0,65;342935;5334,54;0,015555543;1867,09;8571;28/10/2019;2019;3506508;119591,55; SECA
Aliança do Brasil Seguros S/A.;15414901479201927;51429498;1117344;31/03/2020;31/03/2020;31/03/2021;ANONIMIZADO;***;Nova Xavantina;MT;S;14;52;20;W;52;22;5;-;-;CUSTEIO;Soja;160;-;3750;2625;0,7;355960;12537,7;0,035222216;3134,43;11250;03/04/2020;2020;5106257;81423,29; CHUVA EXCESSIVA
Aliança do Brasil Seguros S/A.;15414901479201927;50673950;1035788;11/10/2019;11/10/2019;10/10/2020;ANONIMIZADO;***;Riachão;MA;S;7;42;10;W;46;30;55;-;-;CUSTEIO;Milho 1ª safra;256,33;-;4950;3217,5;0,65;412870,73;39452,08;0,095555527;13808,23;8429;21/10/2019;2019;2109502;155265; CHUVA EXCESSIVA
Aliança do Brasil Seguros S/A.;15414901479201927;60054235;2020666;07/12/2024;07/12/2024;07/12/2025;ANONIMIZADO;***;Flórida;PR;-;-;-;-;-;-;-;-;-23,103638;-51,993394;CUSTEIO;Milho 2ª safra;38;-;4160;3120;0,75;315801,6;21592,12;0,068372421;8636,84;9668;06/01/2025;2025;4108106;-;-
Aliança do Brasil Seguros S/A.;15414901479201927;53381177;1295000;29/12/2020;29/12/2020;29/12/2021;ANONIMIZADO;***;Paiçandu;PR;S;23;25;45;W;52;3;45;-;-;CUSTEIO;Milho 2ª safra;56,5;-;4982;3238,3;0,65;118650;11246,7;0,094788875;4498,68;17501;04/01/2021;2021;4117503;0; GEADA
Aliança do Brasil Seguros S/A.;15414901479201927;50690898;1048781;18/10/2019;18/10/2019;17/10/2020;ANONIMIZADO;***;Reserva do Iguaçu;PR;S;25;52;33;W;51;52;17;-;-;CUSTEIO;Soja;161,19;-;4200;3360;0,8;419094;14388,88;0,0343333;4316,66;8520;25/10/2019;2019;4121752;78328,67; SECA
Aliança do Brasil Seguros S/A.;15414901479201927;60054246;1984748;07/12/2024;07/12/2024;07/12/2025;ANONIMIZADO;***;Centenário do Sul;PR;-;-;-;-;-;-;-;-;-22,80918;-51,523706;CUSTEIO;Milho 2ª safra;167;-;4240;3180;0,75;1446379,36;98071,39;0,067804749;39228,55;9679;06/01/2025;2025;4105102;-;-
Aliança do Brasil Seguros S/A.;15414901479201927;52006752;1179199;31/07/2020;31/07/2020;31/07/2021;ANONIMIZADO;***;Paraúna;GO;S;17;1;5;W;50;41;23;-;-;CUSTEIO;Soja;56,59;-;3750;3000;0,8;217871,5;8496,98;0,038999961;2124,25;13136;03/08/2020;2020;5216403;4706,02; GRANIZO
Aliança do Brasil Seguros S/A.;15414901479201927;51682533;1125671;02/06/2020;02/06/2020;02/06/2021;ANONIMIZADO;***;Cascavel;PR;S;24;55;8;W;53;7;37;-;-;CUSTEIO;Trigo;58;-;2780;1807;0,65;87338,14;13974,1;0,159999973;5589,64;12278;04/06/2020;2020;4104808;57888,97; GRANIZO
Aliança do Brasil Seguros S/A.;15414901479201927;50727957;1050447;29/10/2019;29/10/2019;28/10/2020;ANONIMIZADO;***;Rio do Campo;SC;S;26;53;37;W;50;10;52;-;-;CUSTEIO;Arroz;12,78;-;7770;5439;0,7;44730;1640,1;0,036666667;574,04;8730;06/11/2019;2019;4214508;22870,45; VARIAÇÃO EXCESSIVA DE TEMPERATURA
Aliança do Brasil Seguros S/A.;15414901479201927;54564220;1472263;08/07/2021;08/07/2021;08/07/2022;ANONIMIZADO;***;São Pedro do Sul;RS;S;29;35;23;W;54;22;39;-;-;CUSTEIO;Arroz;29,97;-;7672,5;5754,38;0,750000652;179820;8998,18;0,050039929;2249,55;20604;13/07/2021;2021;4319406;77592,8; VARIAÇÃO EXCESSIVA DE TEMPERATURA
Aliança do Brasil Seguros S/A.;15414901479201927;51621323;1125602;19/05/2020;19/05/2020;19/05/2021;ANONIMIZADO;***;Cascavel;PR;S;24;56;34;W;53;13;44;-;-;CUSTEIO;Trigo;5,82;-;2780;1807;0,65;8763,93;1402,23;0,160000137;560,89;12102;22/05/2020;2020;4104808;27,17; VENTOS FORTES/FRIOS
Aliança do Brasil Seguros S/A.;15414901479201927;60053642;1988900;06/12/2024;06/12/2024;06/12/2025;ANONIMIZADO;***;Ângulo;PR;-;-;-;-;-;-;-;-;-23,190544;-51,959931;CUSTEIO;Milho 2ª safra;29;-;4240;3180;0,75;250080;17235,5;0,068919946;6894,2;9644;06/01/2025;2025;4101150;-;-
Aliança do Brasil Seguros S/A.;15414901479201927;55734737;1551242;14/01/2022;14/01/2022;14/01/2023;ANONIMIZADO;***;Guaíra;PR;-;-;-;-;-;-;-;-;-24,3622;-54,2132;CUSTEIO;Milho 2ª safra;75;-;3900;2535;0,65;435600;50820;0,116666667;20328;24111;19/01/2022;2022;4108809;0; VENTOS FORTES/FRIOS
Aliança do Brasil Seguros S/A.;15414901479201927;52939147;1277891;22/10/2020;22/10/2020;22/10/2021;ANONIMIZADO;***;Gentil;RS;S;28;18;45;W;52;1;54;-;-;CUSTEIO;Soja;92;-;3750;2625;0,7;276000;26220;0,095;6555;15818;30/10/2020;2020;4308854;76016,31; INCÊNDIO
Aliança do Brasil Seguros S/A.;15414901479201927;54280753;1349840;27/05/2021;27/05/2021;27/05/2022;ANONIMIZADO;***;São Borja;RS;S;28;47;26;W;55;44;38;-;-;CUSTEIO;Arroz;140;-;9487,5;6641,25;0,7;4550000;34458,66;0,007573332;8614,67;19648;31/05/2021;2021;4318002;0; VARIAÇÃO EXCESSIVA DE TEMPERATURA
Aliança do Brasil Seguros S/A.;15414901479201927;60053655;1988877;06/12/2024;06/12/2024;06/12/2025;ANONIMIZADO;***;São Carlos do Ivaí;PR;-;-;-;-;-;-;-;-;-23,324708;-52,443469;CUSTEIO;Milho 2ª safra;14;-;4320;3240;0,75;121651,2;9003,07;0,074007244;3601,22;9657;06/01/2025;2025;4124608;-;-
Aliança do Brasil Seguros S/A.;15414901479201927;54303335;1359817;01/06/2021;01/06/2021;01/06/2022;ANONIMIZADO;***;Colônia Vitória;PR;S;25;33;42;W;51;47;19;-;-;CUSTEIO;Trigo;27,96;-;4500;3150;0,7;419400;4678,64;0,011155556;1871,46;20020;10/06/2021;2021;4109401;0; GRANIZO
Aliança do Brasil Seguros S/A.;15414901479201927;51338648;1096384;09/03/2020;09/03/2020;09/03/2021;ANONIMIZADO;***;Matelândia;PR;S;25;19;29;W;53;58;6;-;-;CUSTEIO;Milho 2ª safra;6,22;-;6150;3997,5;0,65;11768,55;1235,7;0,105000191;494,28;10417;10/03/2020;2020;4115606;3392,87; VENTOS FORTES/FRIOS
Aliança do Brasil Seguros S/A.;15414901479201927;50561157;1083963;24/09/2019;24/09/2019;23/09/2020;ANONIMIZADO;***;Penápolis;SP;S;21;22;33;W;50;-;54;-;-;CUSTEIO;Cana-de-açúcar;19,96;-;1100000;77;7,0E-5;70319,08;1453,25;0,02066651;508,64;8210;01/10/2019;2019;3537305;13490,97; SECA
Aliança do Brasil Seguros S/A.;15414901479201927;60054232;1984684;07/12/2024;07/12/2024;07/12/2025;ANONIMIZADO;***;Atalaia;PR;-;-;-;-;-;-;-;-;-23,138242;-51,999053;CUSTEIO;Milho 2ª safra;9;-;4560;3420;0,75;88015,68;5685,53;0,064596785;2274,21;9665;06/01/2025;2025;4102208;-;-
Aliança do Brasil Seguros S/A.;15414901479201927;50418016;1045624;05/09/2019;05/09/2019;04/09/2020;ANONIMIZADO;***;Nova Xavantina;MT;S;14;35;24;W;52;22;13;-;-;CUSTEIO;Soja;270;-;3750;2625;0,7;621000;22372,14;0,03602599;7830,25;8181;27/09/2019;2019;5106257;138981,68; SECA
Aliança do Brasil Seguros S/A.;15414901479201927;53384473;1294913;30/12/2020;30/12/2020;30/12/2021;ANONIMIZADO;***;Luiziana;PR;S;24;29;24;W;52;20;36;-;-;CUSTEIO;Milho 2ª safra;9,68;-;6000;3900;0,65;20255,5;2021,05;0,099777838;808,42;17507;04/01/2021;2021;4113734;0; GEADA
Aliança do Brasil Seguros S/A.;15414901479201927;55805915;1604514;28/01/2022;28/01/2022;28/01/2023;ANONIMIZADO;***;Floresta;PR;-;-;-;-;-;-;-;-;-23,5992;-52,1101;CUSTEIO;Milho 2ª safra;15;-;6000;3900;0,65;64800;7560;0,116666667;3024;24734;01/02/2022;2022;4107900;0; VENTOS FORTES/FRIOS
Aliança do Brasil Seguros S/A.;15414901479201927;54303341;1359958;01/06/2021;01/06/2021;01/06/2022;ANONIMIZADO;***;Colônia Vitória;PR;S;25;33;11;W;51;46;44;-;-;CUSTEIO;Trigo;20,25;-;4500;3150;0,7;303750;3388,5;0,011155556;1355,4;20026;10/06/2021;2021;4109401;0; GRANIZO
Aliança do Brasil Seguros S/A.;15414901479201927;55799128;1604379;27/01/2022;27/01/2022;27/01/2023;ANONIMIZADO;***;Nova Cantu;PR;-;-;-;-;-;-;-;-;-24,7005;-52,5906;CUSTEIO;Milho 2ª safra;24;-;6000;3900;0,65;94525,2;11027,94;0,116666667;4411,18;24575;31/01/2022;2022;4116802;0; VENTOS FORTES/FRIOS
Aliança do Brasil Seguros S/A.;15414901479201927;54342824;1367594;11/06/2021;11/06/2021;11/06/2022;ANONIMIZADO;***;Entre Rios;PR;S;25;35;4;W;51;29;51;-;-;CUSTEIO;Trigo;15;-;4284,55;2999,19;0,700001167;210000;2342,66;0,011155524;937,06;20302;17/06/2021;2021;4109401;0; GRANIZO
Aliança do Brasil Seguros S/A.;15414901479201927;57765548;1689646;09/01/2023;09/01/2023;09/01/2024;ANONIMIZADO;***;Luiziana;PR;-;-;-;-;-;-;-;-;-24,465936;-52,45381;CUSTEIO;Milho 2ª safra;9;-;4762;3095,3;0,65;192919,35;15418,24;0,079920651;6167,3;3739;16/01/2023;2023;4113734;0; DEMAIS CAUSAS
Aliança do Brasil Seguros S/A.;15414901479201927;55763743;1548602;21/01/2022;21/01/2022;21/01/2023;ANONIMIZADO;***;Naviraí;MS;-;-;-;-;-;-;-;-;-22,9192;-53,8409;CUSTEIO;Milho 2ª safra;199,57;-;3510;2281,5;0,65;760000;84444,44;0,111111105;33777,78;24269;24/01/2022;2022;5005707;106707,12; VENTOS FORTES/FRIOS
Aliança do Brasil Seguros S/A.;15414901479201927;51484869;1104417;16/04/2020;16/04/2020;16/04/2021;ANONIMIZADO;***;Campo Novo;RS;S;27;37;7;W;53;46;52;-;-;CUSTEIO;Trigo;118,21;-;2829;1838,35;0,649823259;189136;30261,75;0,159999947;10591,61;11522;17/04/2020;2020;4304002;141954,91; GEADA
Aliança do Brasil Seguros S/A.;15414901479201927;57776632;1679404;10/01/2023;10/01/2023;10/01/2024;ANONIMIZADO;***;Avaré;SP;-;-;-;-;-;-;-;-;-22,959679;-48,957926;CUSTEIO;Milho 2ª safra;95;-;4762;3095,3;0,65;405427,55;55097,49;0,135899719;22038,99;3748;16/01/2023;2023;3504503;0; DEMAIS CAUSAS
Aliança do Brasil Seguros S/A.;15414901479201927;50434108;1045347;09/09/2019;09/09/2019;08/09/2020;ANONIMIZADO;***;Pirajuba;MG;S;20;1;19;W;48;35;40;-;-;CUSTEIO;Soja;98;-;3750;2812,5;0,75;215600;11246,51;0,052163776;3936,28;8192;27/09/2019;2019;3150703;-;-
Aliança do Brasil Seguros S/A.;15414901479201927;57736176;1677618;28/12/2022;28/12/2022;28/12/2023;ANONIMIZADO;***;Caiapônia;GO;-;-;-;-;-;-;-;-;-16,526886;-52,107883;CUSTEIO;Soja;121;-;3745;2621,5;0,7;1212048,65;44215,93;0,036480326;8843,18;3716;02/01/2023;2023;5204409;0; DEMAIS CAUSAS
Aliança do Brasil Seguros S/A.;15414901479201927;51429704;1096671;01/04/2020;01/04/2020;01/04/2021;ANONIMIZADO;***;Pejuçara;RS;S;28;26;-;W;53;43;37;-;-;CUSTEIO;Trigo;27,1;-;3000;1950;0,65;39708;6353,27;0,159999748;2223,64;11366;06/04/2020;2020;4314308;36416,21; GEADA
Aliança do Brasil Seguros S/A.;15414901479201927;50457117;1045337;12/09/2019;12/09/2019;11/09/2020;ANONIMIZADO;***;São Luiz Gonzaga;RS;S;28;23;5;W;55;1;41;-;-;CUSTEIO;Soja;156;-;3300;2310;0,7;312000;25529,58;0,081825577;8935,35;8202;27/09/2019;2019;4318903;161085,6; SECA
Aliança do Brasil Seguros S/A.;15414901479201927;52833603;1235506;23/09/2020;23/09/2020;23/09/2021;ANONIMIZADO;***;Ivaí;PR;S;24;52;57;W;50;54;11;-;-;CUSTEIO;Soja;6,76;-;3570;2677,5;0,75;17286,81;1137,08;0,065777318;284,27;14368;28/09/2020;2020;4111407;2807,38; DEMAIS CAUSAS
Aliança do Brasil Seguros S/A.;15414901479201927;57778744;1677775;11/01/2023;11/01/2023;11/01/2024;ANONIMIZADO;***;Caarapó;MS;-;-;-;-;-;-;-;-;-22,441106;-54,849753;CUSTEIO;Milho 2ª safra;19;-;3762;2445,3;0,65;95136;18679,94;0,196349857;7471,97;3768;19/01/2023;2023;5002407;0; DEMAIS CAUSAS
Aliança do Brasil Seguros S/A.;15414901479201927;52078145;1196592;14/08/2020;14/08/2020;14/08/2021;ANONIMIZADO;***;Campanha;MG;S;21;48;21;W;45;21;49;-;-;CUSTEIO;Milho 1ª safra;14;-;11385;9108;0,8;56000;2936,66;0,052440357;734,17;13363;18/08/2020;2020;3110905;21268,8; GRANIZO
Aliança do Brasil Seguros S/A.;15414901479201927;50615499;1039300;07/10/2019;07/10/2019;06/10/2020;ANONIMIZADO;***;Barbosa;SP;S;21;16;13;W;49;55;14;-;-;CUSTEIO;Cana-de-açúcar;36,3;-;110;71,5;0,65;116341,5;2365,61;0,020333329;827,96;8390;16/10/2019;2019;3505104;63011,45; SECA
Aliança do Brasil Seguros S/A.;15414901479201927;60055289;1984992;10/12/2024;10/12/2024;10/12/2025;ANONIMIZADO;***;Mandaguaçu;PR;-;-;-;-;-;-;-;-;-23,172478;-51,987602;CUSTEIO;Milho 2ª safra;36;-;4240;3180;0,75;304264;18753,36;0,061635159;7501,34;9699;06/01/2025;2025;4114104;-;-
Aliança do Brasil Seguros S/A.;15414901479201927;57864182;1677869;13/01/2023;13/01/2023;13/01/2024;ANONIMIZADO;***;Arapongas;PR;-;-;-;-;-;-;-;-;-23,375459;-51,527146;CUSTEIO;Milho 2ª safra;9;-;4062;2640,3;0,65;46775,11;10081,19;0,215524667;4032,47;3779;19/01/2023;2023;4101507;0; DEMAIS CAUSAS
Aliança do Brasil Seguros S/A.;15414901479201927;50426016;1035770;06/09/2019;06/09/2019;05/09/2020;ANONIMIZADO;***;Formosa do Rio Preto;BA;S;10;34;77;W;45;58;27;-;-;CUSTEIO;Soja;755;-;3450;2415;0,7;1627025;123100,61;0,075659938;43085,21;8190;27/09/2019;2019;2911105;-;-
Aliança do Brasil Seguros S/A.;15414901479201927;50546009;1045994;20/09/2019;20/09/2019;19/09/2020;ANONIMIZADO;***;Novo São Joaquim;MT;S;15;10;28;W;52;54;41;-;-;CUSTEIO;Soja;390;-;3750;3000;0,8;936000;37337,02;0,039889979;11201,11;8220;01/10/2019;2019;5106281;375574,59; SECA
Aliança do Brasil Seguros S/A.;15414901479201927;57864188;1677906;13/01/2023;13/01/2023;13/01/2024;ANONIMIZADO;***;Guaíra;PR;-;-;-;-;-;-;-;-;-24,212488;-54,274264;CUSTEIO;Milho 2ª safra;9;-;4062;2640,3;0,65;48048;7668,45;0,159599775;3067,38;3784;19/01/2023;2023;4108809;0; DEMAIS CAUSAS
Aliança do Brasil Seguros S/A.;15414901479201927;60054252;1984796;07/12/2024;07/12/2024;07/12/2025;ANONIMIZADO;***;Ângulo;PR;-;-;-;-;-;-;-;-;-23,200214;-51,920107;CUSTEIO;Milho 2ª safra;25;-;4240;3180;0,75;212484,64;13203,97;0,062140821;5281,58;9685;06/01/2025;2025;4101150;-;-
Allianz Seguros S.A;15414002759200717;131587477;2014578;28/02/2025;28/02/2025;31/12/2025;ANONIMIZADO;***;Jataí;GO;S;18;6;23;W;51;10;41;-;-;PRODUTIVIDADE;Milho 2ª safra;178,7;-;6497,14;4548;0,700000308;812727,25;87986,21;0,10826044;35194,47;5177202579110004296;06/03/2025;2025;5211909;-;-
Aliança do Brasil Seguros S/A.;15414901479201927;50589716;1046031;27/09/2019;27/09/2019;26/09/2020;ANONIMIZADO;***;São Borja;RS;S;28;37;59;W;55;52;36;-;-;CUSTEIO;Soja;207;-;3000;2100;0,7;413838,54;33107,07;0,079999968;11587,47;8258;09/10/2019;2019;4318002;280499,76; SECA
Aliança do Brasil Seguros S/A.;15414901479201927;51662875;1143924;28/05/2020;28/05/2020;28/05/2021;ANONIMIZADO;***;Bagé;RS;S;31;29;15;W;54;29;15;-;-;CUSTEIO;Soja;100,21;-;3000;2100;0,7;200420;16033,6;0,08;4008,4;12199;29/05/2020;2020;4301602;193271,13; INUNDAÇÃO/TROMBA D´ÁGUA
Aliança do Brasil Seguros S/A.;15414901479201927;54303331;1360061;01/06/2021;01/06/2021;01/06/2022;ANONIMIZADO;***;Colônia Vitória;PR;S;25;33;8;W;51;47;10;-;-;CUSTEIO;Trigo;30,37;-;4500;3150;0,7;455550;5081,91;0,011155548;2032,76;20016;10/06/2021;2021;4109401;0; GRANIZO
Aliança do Brasil Seguros S/A.;15414901479201927;60055291;1985049;10/12/2024;10/12/2024;10/12/2025;ANONIMIZADO;***;Ângulo;PR;-;-;-;-;-;-;-;-;-23,24349;-51,94733;CUSTEIO;Milho 2ª safra;28;-;4240;3180;0,75;242744,32;15084,34;0,062140857;6033,73;9701;06/01/2025;2025;4101150;-;-
Aliança do Brasil Seguros S/A.;15414901479201927;50411139;1038735;04/09/2019;04/09/2019;03/09/2020;ANONIMIZADO;***;Campo Florido;MG;S;19;35;3;W;48;37;44;-;-;CUSTEIO;Cana-de-açúcar;61,7;-;100;65;0,65;192702,06;3065,98;0,015910468;1073,09;8180;27/09/2019;2019;3111408;-;-
Aliança do Brasil Seguros S/A.;15414901479201927;60054231;1984845;07/12/2024;07/12/2024;07/12/2025;ANONIMIZADO;***;Júlio de Castilhos;RS;-;-;-;-;-;-;-;-;-29,123096;-53,685642;CUSTEIO;Canola;39;-;1350;877,5;0,65;156000;14626;0,09375641;5850,4;9664;06/01/2025;2025;4311205;-;-
Aliança do Brasil Seguros S/A.;15414901479201927;60055281;1984947;10/12/2024;10/12/2024;10/12/2025;ANONIMIZADO;***;Lobato;PR;-;-;-;-;-;-;-;-;-23,07925;-51,991263;CUSTEIO;Milho 2ª safra;44;-;4240;3180;0,75;375203,36;27124,45;0,072292663;10849,78;9691;06/01/2025;2025;4113601;-;-
Aliança do Brasil Seguros S/A.;15414901479201927;51338684;1146339;10/03/2020;10/03/2020;10/03/2021;ANONIMIZADO;***;Abelardo Luz;SC;S;26;31;52;W;52;20;42;-;-;CUSTEIO;Feijão 1ª safra;128;-;2200;1430;0,65;281600;22528;0,08;5632;10457;11/03/2020;2020;4200101;17725,91; GEADA
Aliança do Brasil Seguros S/A.;15414901479201927;50673952;1048459;11/10/2019;11/10/2019;10/10/2020;ANONIMIZADO;***;Rio do Campo;SC;S;26;52;39;W;50;4;45;-;-;CUSTEIO;Arroz;42;-;7770;5439;0,7;168000;6160;0,036666667;2156;8431;21/10/2019;2019;4214508;136183,31; GRANIZO
Aliança do Brasil Seguros S/A.;15414901479201927;57868834;1678039;16/01/2023;16/01/2023;16/01/2024;ANONIMIZADO;***;Cambé;PR;-;-;-;-;-;-;-;-;-23,295862;-51,319736;CUSTEIO;Milho 2ª safra;10;-;3762;2445,3;0,65;44333,29;4790,86;0,108064617;1916,34;3793;19/01/2023;2023;4103701;0; DEMAIS CAUSAS
Aliança do Brasil Seguros S/A.;15414901479201927;50615491;1046249;07/10/2019;07/10/2019;06/10/2020;ANONIMIZADO;***;Tupanciretã;RS;S;29;-;19;W;53;54;34;-;-;CUSTEIO;Soja;70;-;3300;2475;0,75;146492,5;13184,33;0,090000034;4614,52;8350;15/10/2019;2019;4322202;62171,42; SECA
Aliança do Brasil Seguros S/A.;15414901479201927;50620474;1046680;08/10/2019;08/10/2019;07/10/2020;ANONIMIZADO;***;Ipê;RS;S;28;45;44;W;51;12;56;-;-;CUSTEIO;Soja;38;-;2800;1820;0,65;79800;6384;0,08;2234,4;8326;14/10/2019;2019;4310439;11454,21; INUNDAÇÃO/TROMBA D´ÁGUA
Aliança do Brasil Seguros S/A.;15414901479201927;54288356;1338968;28/05/2021;28/05/2021;28/05/2022;ANONIMIZADO;***;Colônia Vitória;PR;S;25;14;11;W;51;40;-;-;-;CUSTEIO;Cevada;32,6;-;5500;3850;0,7;505300;9465,95;0,018733327;3786,38;19631;31/05/2021;2021;4109401;27193,1; VENTOS FORTES/FRIOS
Aliança do Brasil Seguros S/A.;15414901479201927;50411137;1039011;04/09/2019;04/09/2019;03/09/2020;ANONIMIZADO;***;Paulo de Faria;SP;S;20;8;7;W;49;22;44;-;-;CUSTEIO;Cana-de-açúcar;13,97;-;110;77;0,7;49107,2;989,79;0,0201557;346,43;8178;27/09/2019;2019;3536604;-;-
Aliança do Brasil Seguros S/A.;15414901479201927;54912686;1455049;26/08/2021;26/08/2021;26/08/2022;ANONIMIZADO;***;Rio do Campo;SC;S;26;52;39;W;50;4;45;-;-;CUSTEIO;Arroz;42;-;7770;5050,5;0,65;1260000;8232;0,006533333;2058;21500;30/08/2021;2021;4214508;99964,56; GRANIZO
Aliança do Brasil Seguros S/A.;15414901479201927;54338328;1367957;10/06/2021;10/06/2021;10/06/2022;ANONIMIZADO;***;Guarapuava;PR;S;25;31;49;W;51;28;45;-;-;CUSTEIO;Trigo;9,26;-;4500;3150;0,7;25928;1446,21;0,055777923;578,48;20073;14/06/2021;2021;4109401;0; GRANIZO
Aliança do Brasil Seguros S/A.;15414901479201927;54700420;1472341;26/07/2021;26/07/2021;26/07/2022;ANONIMIZADO;***;Itacurubi;RS;S;28;42;9;W;55;31;50;-;-;CUSTEIO;Arroz;95;-;8925;6247,5;0,7;608000;22077,15;0,036311102;5519,29;20727;27/07/2021;2021;4310553;0; VARIAÇÃO EXCESSIVA DE TEMPERATURA
Aliança do Brasil Seguros S/A.;15414901479201927;56161750;1569978;29/03/2022;29/03/2022;29/03/2023;ANONIMIZADO;***;Tamarana;PR;-;-;-;-;-;-;-;-;-23,744977;-51,056761;CUSTEIO;Milho 2ª safra;19;-;6145,6;3994,64;0,65;79932,75;9325,49;0,116666698;3730,19;24963;04/04/2022;2022;4126678;25954,44; VARIAÇÃO EXCESSIVA DE TEMPERATURA
Aliança do Brasil Seguros S/A.;15414901479201927;50727935;1050411;29/10/2019;29/10/2019;28/10/2020;ANONIMIZADO;***;Martinho Campos;MG;S;19;30;25;W;45;5;17;-;-;CUSTEIO;Soja;180;-;3588;2870,4;0,8;648000;33984;0,052444444;10195,2;8713;06/11/2019;2019;3140506;132127,2; CHUVA EXCESSIVA
Aliança do Brasil Seguros S/A.;15414901479201927;50615490;1046241;07/10/2019;07/10/2019;06/10/2020;ANONIMIZADO;***;Catalão;GO;S;18;1;50;W;47;48;51;-;-;CUSTEIO;Soja;60;-;3750;2625;0,7;140456,4;4947,18;0,035222176;1731,51;8386;16/10/2019;2019;5205109;56477,52; SECA
Aliança do Brasil Seguros S/A.;15414901479201927;51747974;1125876;15/06/2020;15/06/2020;15/06/2021;ANONIMIZADO;***;Bom Sucesso do Sul;PR;S;26;2;59;W;52;48;8;-;-;CUSTEIO;Trigo;105,4;-;3250;2112,5;0,65;217769,05;34843,05;0,160000009;13937,22;12370;16/06/2020;2020;4103222;54132,27; GEADA
Aliança do Brasil Seguros S/A.;15414901479201927;51429711;1104353;31/03/2020;31/03/2020;31/03/2021;ANONIMIZADO;***;Pejuçara;RS;S;28;25;41;W;53;43;30;-;-;CUSTEIO;Trigo;9,35;-;3000;1950;0,65;13699,99;2192;0,160000117;767,2;11423;07/04/2020;2020;4314308;4896,11; GEADA
Aliança do Brasil Seguros S/A.;15414901479201927;51690086;1125477;04/06/2020;04/06/2020;04/06/2021;ANONIMIZADO;***;Toledo;PR;S;24;47;5;W;53;39;38;-;-;CUSTEIO;Trigo;9,23;-;2445;1589,25;0,65;12944,61;2071,14;0,160000185;828,46;12294;05/06/2020;2020;4127700;7792,22; CHUVA EXCESSIVA
Aliança do Brasil Seguros S/A.;15414901479201927;50405384;1045666;30/08/2019;30/08/2019;29/08/2020;ANONIMIZADO;***;Nova Mutum;MT;S;13;44;24;W;55;37;53;-;-;CUSTEIO;Soja;513,76;-;3750;3000;0,8;1078896;43037,13;0,039889971;12911,14;8151;27/09/2019;2019;5106224;-;-
Aliança do Brasil Seguros S/A.;15414901479201927;50694448;1062743;21/10/2019;21/10/2019;20/10/2020;ANONIMIZADO;***;Batatais;SP;S;20;44;10;W;47;36;20;-;-;CUSTEIO;Café;20;-;2516;1635,4;0,65;215000;10821,66;0,050333302;3787,58;8505;24/10/2019;2019;3505906;2588,65; INCÊNDIO
Aliança do Brasil Seguros S/A.;15414901479201927;60054249;1984774;07/12/2024;07/12/2024;07/12/2025;ANONIMIZADO;***;Astorga;PR;-;-;-;-;-;-;-;-;-23,248513;-51,636494;CUSTEIO;Milho 2ª safra;31;-;4240;3180;0,75;265835,04;18580,4;0,069894473;7432,16;9682;06/01/2025;2025;4102109;-;-
Aliança do Brasil Seguros S/A.;15414901479201927;60052655;1988847;04/12/2024;04/12/2024;04/12/2025;ANONIMIZADO;***;Centenário do Sul;PR;-;-;-;-;-;-;-;-;-22,895596;-51,499869;CUSTEIO;Milho 2ª safra;19;-;4240;3180;0,75;164969,44;11185,32;0,067802376;4474,12;9629;06/01/2025;2025;4105102;-;-
Aliança do Brasil Seguros S/A.;15414901479201927;57765554;1690839;09/01/2023;09/01/2023;09/01/2024;ANONIMIZADO;***;Santa Isabel do Ivaí;PR;-;-;-;-;-;-;-;-;-23,102598;-53,219125;CUSTEIO;Milho 2ª safra;38;-;3762;2445,3;0,65;102600;3136,6;0,03057115;1254,64;3745;16/01/2023;2023;4123709;0; DEMAIS CAUSAS
Aliança do Brasil Seguros S/A.;15414901479201927;51338666;1087414;09/03/2020;09/03/2020;09/03/2021;ANONIMIZADO;***;Campina da Lagoa;PR;S;24;36;35;W;52;49;32;-;-;CUSTEIO;Milho 2ª safra;19,36;-;6500;4225;0,65;38720;4065,6;0,105;1626,24;10445;11/03/2020;2020;4103909;20455,78; VENTOS FORTES/FRIOS
Aliança do Brasil Seguros S/A.;15414901479201927;60053653;1988888;06/12/2024;06/12/2024;06/12/2025;ANONIMIZADO;***;Jaguapitã;PR;-;-;-;-;-;-;-;-;-22,940099;-51,590105;CUSTEIO;Milho 2ª safra;28;-;4240;3180;0,75;247495,84;17066,31;0,068955947;6826,52;9655;06/01/2025;2025;4111902;-;-
Aliança do Brasil Seguros S/A.;15414901479201927;55793425;1604332;26/01/2022;26/01/2022;26/01/2023;ANONIMIZADO;***;Floresta;PR;-;-;-;-;-;-;-;-;-23,6048;-52,0953;CUSTEIO;Milho 2ª safra;11;-;6000;3900;0,65;53100;6195;0,116666667;2478;24640;31/01/2022;2022;4107900;14516,18; VENTOS FORTES/FRIOS
Aliança do Brasil Seguros S/A.;15414901479201927;57765547;1689638;09/01/2023;09/01/2023;09/01/2024;ANONIMIZADO;***;Luiziana;PR;-;-;-;-;-;-;-;-;-24,465936;-52,45381;CUSTEIO;Milho 2ª safra;9;-;4662;3030,3;0,65;234677,14;82814,44;0,352886694;33125,78;3738;16/01/2023;2023;4113734;0; DEMAIS CAUSAS
Aliança do Brasil Seguros S/A.;15414901479201927;51524581;1127562;20/04/2020;20/04/2020;20/04/2021;ANONIMIZADO;***;Goioxim;PR;S;25;6;-;W;51;54;5;-;-;CUSTEIO;Trigo;32,73;-;4600;3220;0,7;81825;4564,02;0,055777819;1597,41;11802;05/05/2020;2020;4108650;6799,66; GEADA
Aliança do Brasil Seguros S/A.;15414901479201927;50615489;1046321;07/10/2019;07/10/2019;06/10/2020;ANONIMIZADO;***;Catalão;GO;S;18;1;14;W;47;48;54;-;-;CUSTEIO;Soja;44;-;3750;2625;0,7;103001,36;3627,94;0,035222253;1269,78;8349;15/10/2019;2019;5205109;2842,84; SECA
Aliança do Brasil Seguros S/A.;15414901479201927;54971026;1469916;11/09/2021;11/09/2021;11/09/2022;ANONIMIZADO;***;Tupanciretã;RS;S;28;59;2;W;54;18;12;-;-;CUSTEIO;Soja;76;-;3399;2379,3;0,7;1520000;28373,33;0,018666664;5674,67;22268;20/09/2021;2021;4322202;0; GRANIZO
Aliança do Brasil Seguros S/A.;15414901479201927;50405402;1038680;03/09/2019;03/09/2019;02/09/2020;ANONIMIZADO;***;Penápolis;SP;S;21;22;32;W;50;3;3;-;-;CUSTEIO;Cana-de-açúcar;79,86;-;110;77;0,7;281346,78;5947,18;0,021138255;2081,51;8164;27/09/2019;2019;3537305;66980,09; SECA
Aliança do Brasil Seguros S/A.;15414901479201927;54310021;1355975;04/06/2021;04/06/2021;04/06/2022;ANONIMIZADO;***;Colônia Vitória;PR;S;25;35;15;W;51;33;39;-;-;CUSTEIO;Cevada;11,27;-;5500;3850;0,7;174685;3272,43;0,01873332;1308,97;19885;09/06/2021;2021;4109401;0; GRANIZO
Aliança do Brasil Seguros S/A.;15414901479201927;50546023;1045934;20/09/2019;20/09/2019;19/09/2020;ANONIMIZADO;***;Feliz Natal;MT;S;12;35;35;W;54;55;42;-;-;CUSTEIO;Soja;320,99;-;3750;3000;0,8;802475;32010,71;0,039889978;9603,21;8226;01/10/2019;2019;5103700;373577,07; CHUVA EXCESSIVA
Aliança do Brasil Seguros S/A.;15414901479201927;51542663;1125864;06/05/2020;06/05/2020;25/05/2029;ANONIMIZADO;***;Santa Izabel do Oeste;PR;S;25;48;32;W;53;27;45;-;-;CUSTEIO;Trigo;18,63;-;3000;1950;0,65;30273,75;4843,8;0,16;1695,33;12016;07/05/2020;2020;4123808;9825,83; GEADA
Aliança do Brasil Seguros S/A.;15414901479201927;60054234;1984735;07/12/2024;07/12/2024;07/12/2025;ANONIMIZADO;***;Maringá;PR;-;-;-;-;-;-;-;-;-23,301478;-51,918814;CUSTEIO;Milho 2ª safra;24;-;4800;3600;0,75;224169,6;14883,09;0,066392098;5953,23;9667;06/01/2025;2025;4115200;-;-
Aliança do Brasil Seguros S/A.;15414901479201927;51414116;1086836;27/03/2020;27/03/2020;27/03/2021;ANONIMIZADO;***;Ajuricaba;RS;S;28;9;54;W;53;48;26;-;-;CUSTEIO;Trigo;65;-;2928;1903,2;0,65;97500;15600;0,16;5460;11000;31/03/2020;2020;4300208;82738,5; GEADA
Aliança do Brasil Seguros S/A.;15414901479201927;60054251;1984911;07/12/2024;07/12/2024;07/12/2025;ANONIMIZADO;***;Itapeva;SP;-;-;-;-;-;-;-;-;-23,700427;-48,839769;CUSTEIO;Milho 2ª safra;28;-;4960;3720;0,75;230541,71;10251,85;0,044468526;4100,74;9684;06/01/2025;2025;3522406;-;-
Aliança do Brasil Seguros S/A.;15414901479201927;52149135;1210880;01/09/2020;01/09/2020;01/09/2021;ANONIMIZADO;***;São Luiz Gonzaga;RS;S;28;30;54;W;54;44;5;-;-;CUSTEIO;Soja;70;-;3300;2145;0,65;154000;10010;0,065;2502,5;13724;02/09/2020;2020;4318903;84028,95; GRANIZO
Aliança do Brasil Seguros S/A.;15414901479201927;51589426;1129744;13/05/2020;13/05/2020;13/05/2021;ANONIMIZADO;***;Catanduvas;PR;S;25;10;47;W;53;8;1;-;-;CUSTEIO;Trigo;39;-;2700;1755;0,65;57037,5;9126;0,16;3650,4;12064;14/05/2020;2020;4105003;38780,43; VENTOS FORTES/FRIOS
Aliança do Brasil Seguros S/A.;15414901479201927;51624077;1125593;20/05/2020;20/05/2020;20/05/2021;ANONIMIZADO;***;Cascavel;PR;S;25;8;16;W;53;25;25;-;-;CUSTEIO;Trigo;17,4;-;2780;1807;0,65;26201,44;4192,23;0,159999985;1676,89;12112;22/05/2020;2020;4104808;10061,35; GEADA
Aliança do Brasil Seguros S/A.;15414901479201927;54303339;1360053;01/06/2021;01/06/2021;01/06/2022;ANONIMIZADO;***;Colônia Vitória;PR;S;25;32;39;W;51;46;56;-;-;CUSTEIO;Trigo;30;-;4500;3150;0,7;450000;5020;0,011155556;2008;20024;10/06/2021;2021;4109401;0; GRANIZO
Aliança do Brasil Seguros S/A.;15414901479201927;54280786;1339068;27/05/2021;27/05/2021;27/05/2022;ANONIMIZADO;***;Colônia Jordãozinho;PR;S;25;18;29;W;51;35;50;-;-;CUSTEIO;Cevada;26,89;-;5500;3850;0,7;416795;7807,95;0,01873331;3123,18;19676;31/05/2021;2021;4109401;2118,85; VENTOS FORTES/FRIOS
Aliança do Brasil Seguros S/A.;15414901479201927;50434112;1045864;09/09/2019;09/09/2019;08/09/2020;ANONIMIZADO;***;Rio Grande;RS;S;32;13;14;W;52;29;25;-;-;CUSTEIO;Soja;65;-;2800;1820;0,65;149500;12232,92;0,081825552;4281,52;8195;27/09/2019;2019;4315602;-;-
Aliança do Brasil Seguros S/A.;15414901479201927;60055283;1984957;10/12/2024;10/12/2024;10/12/2025;ANONIMIZADO;***;Flórida;PR;-;-;-;-;-;-;-;-;-23,091677;-51,991133;CUSTEIO;Milho 2ª safra;78;-;4160;3120;0,75;645748,48;44151,39;0,068372426;17660,55;9693;06/01/2025;2025;4108106;-;-
Aliança do Brasil Seguros S/A.;15414901479201927;51634662;1125890;22/05/2020;22/05/2020;22/05/2021;ANONIMIZADO;***;Vitorino;PR;S;26;17;50;W;52;44;14;-;-;CUSTEIO;Trigo;10,89;-;3133;2036,45;0,65;19612,45;3137,98;0,159999388;1255,19;12181;29/05/2020;2020;4128708;3875,85; GEADA
Aliança do Brasil Seguros S/A.;15414901479201927;50405362;1038703;29/08/2019;29/08/2019;28/08/2020;ANONIMIZADO;***;Veríssimo;MG;S;19;34;35;W;48;31;4;-;-;CUSTEIO;Cana-de-açúcar;77,6;-;120;78;0,65;284133,95;4520,71;0,015910489;1582,25;8141;27/09/2019;2019;3171105;-;-
Aliança do Brasil Seguros S/A.;15414901479201927;51414095;1096040;27/03/2020;27/03/2020;27/03/2021;ANONIMIZADO;***;Catuípe;RS;S;28;7;12;W;54;6;26;-;-;CUSTEIO;Trigo;32;-;2985;1940,25;0,65;64000;10240;0,16;3584;10920;30/03/2020;2020;4305009;32836,48; GEADA
Aliança do Brasil Seguros S/A.;15414901479201927;51405378;1118249;25/03/2020;25/03/2020;25/03/2021;ANONIMIZADO;***;Unistalda;RS;S;29;2;11;W;55;12;-;-;-;CUSTEIO;Soja;56;-;3250;2112,5;0,65;100800;8064;0,08;2016;10804;26/03/2020;2020;4322376;98060,45; CHUVA EXCESSIVA
Aliança do Brasil Seguros S/A.;15414901479201927;51690085;1125470;04/06/2020;04/06/2020;04/06/2021;ANONIMIZADO;***;Toledo;PR;S;24;42;47;W;53;37;59;-;-;CUSTEIO;Trigo;10;-;2445;1589,25;0,65;15795;2527,2;0,16;1010,88;12293;05/06/2020;2020;4127700;4741,66; CHUVA EXCESSIVA
Aliança do Brasil Seguros S/A.;15414901479201927;54303340;1359996;01/06/2021;01/06/2021;01/06/2022;ANONIMIZADO;***;Colônia Vitória;PR;S;25;32;56;W;51;46;50;-;-;CUSTEIO;Trigo;21;-;4500;3150;0,7;315000;3514;0,011155556;1405,6;20025;10/06/2021;2021;4109401;0; GRANIZO
Aliança do Brasil Seguros S/A.;15414901479201927;52078149;1196598;14/08/2020;14/08/2020;14/08/2021;ANONIMIZADO;***;Campanha;MG;S;21;48;35;W;45;21;17;-;-;CUSTEIO;Milho 1ª safra;35;-;11385;9108;0,8;140000;7342,22;0,052444429;1835,56;13365;18/08/2020;2020;3110905;52346; GRANIZO
Aliança do Brasil Seguros S/A.;15414901479201927;55249267;1494837;19/10/2021;19/10/2021;19/10/2022;ANONIMIZADO;***;Mirandópolis;SP;S;21;14;56;W;51;10;47;-;-;CUSTEIO;Soja;235,14;-;3795;2466,75;0,65;1293270;97605,94;0,075472206;19521,19;23387;22/10/2021;2021;3530102;0; VARIAÇÃO EXCESSIVA DE TEMPERATURA
Aliança do Brasil Seguros S/A.;15414901479201927;57776635;1689654;10/01/2023;10/01/2023;10/01/2024;ANONIMIZADO;***;Luiziana;PR;-;-;-;-;-;-;-;-;-24,465936;-52,45381;CUSTEIO;Milho 2ª safra;9;-;4000;2600;0,65;341058,67;33480,82;0,098167333;13392,33;3751;16/01/2023;2023;4113734;0; DEMAIS CAUSAS
Aliança do Brasil Seguros S/A.;15414901479201927;55240140;1488457;16/10/2021;16/10/2021;16/10/2022;ANONIMIZADO;***;Bagé;RS;S;31;15;7;W;54;12;2;-;-;CUSTEIO;Soja;90;-;2800;1820;0,65;272700;26664;0,097777778;5332,8;23291;21/10/2021;2021;4301602;41416,82; INCÊNDIO
Aliança do Brasil Seguros S/A.;15414901479201927;51414093;1107423;27/03/2020;27/03/2020;27/03/2021;ANONIMIZADO;***;Santo Ângelo;RS;S;28;12;21;W;54;10;43;-;-;CUSTEIO;Trigo;35;-;2985;1940,25;0,65;66500;10640;0,16;3724;10918;30/03/2020;2020;4317509;43205,49; GEADA
Aliança do Brasil Seguros S/A.;15414901479201927;60053644;1984647;06/12/2024;06/12/2024;06/12/2025;ANONIMIZADO;***;Ângulo;PR;-;-;-;-;-;-;-;-;-23,157657;-51,914713;CUSTEIO;Milho 2ª safra;36;-;4240;3180;0,75;311182,88;21446,73;0,068920019;8578,69;9646;06/01/2025;2025;4101150;-;-
Aliança do Brasil Seguros S/A.;15414901479201927;50405357;1045544;29/08/2019;29/08/2019;28/08/2020;ANONIMIZADO;***;Rio Verde;GO;S;18;3;2;W;50;38;47;-;-;CUSTEIO;Soja;160;-;3750;2625;0,7;409668,8;14758,73;0,036026004;5165,56;8122;11/09/2019;2019;5218805;-;-
Aliança do Brasil Seguros S/A.;15414901479201927;50694443;1047906;19/10/2019;19/10/2019;18/10/2020;ANONIMIZADO;***;Baliza;GO;S;16;23;21;W;52;28;23;-;-;CUSTEIO;Soja;120;-;3750;2625;0,7;336000;11834,66;0,035222202;4142,13;8500;24/10/2019;2019;5203104;106094,47; SECA
Aliança do Brasil Seguros S/A.;15414901479201927;50418020;1045642;05/09/2019;05/09/2019;04/09/2020;ANONIMIZADO;***;Rio Grande;RS;S;32;13;14;W;52;29;25;-;-;CUSTEIO;Soja;65;-;2800;1820;0,65;149500;12232,92;0,081825552;4281,52;8184;27/09/2019;2019;4315602;-;-
Aliança do Brasil Seguros S/A.;15414901479201927;55805911;1604525;28/01/2022;28/01/2022;28/01/2023;ANONIMIZADO;***;Aquidaban;PR;-;-;-;-;-;-;-;-;-23,5886;-52,0204;CUSTEIO;Milho 2ª safra;9;-;6000;3900;0,65;45000;5250;0,116666667;2100;24730;01/02/2022;2022;4114807;0; VENTOS FORTES/FRIOS
Aliança do Brasil Seguros S/A.;15414901479201927;55775171;1552480;24/01/2022;24/01/2022;24/01/2023;ANONIMIZADO;***;Guaíra;PR;-;-;-;-;-;-;-;-;-24,1581;-54,245;CUSTEIO;Milho 2ª safra;19;-;3900;2535;0,65;120000;14000;0,116666667;5600;24394;27/01/2022;2022;4108809;0; VENTOS FORTES/FRIOS
Aliança do Brasil Seguros S/A.;15414901479201927;50620465;1046578;08/10/2019;08/10/2019;07/10/2020;ANONIMIZADO;***;Itaqui;RS;S;29;12;58;W;56;20;46;-;-;CUSTEIO;Soja;75;-;2800;1820;0,65;112500;9000;0,08;3150;8318;14/10/2019;2019;4310603;63258,75; SECA
Aliança do Brasil Seguros S/A.;15414901479201927;52839462;1239525;24/09/2020;24/09/2020;24/09/2021;ANONIMIZADO;***;Pedras Altas;RS;S;31;59;12;W;53;45;36;-;-;CUSTEIO;Soja;10;-;2800;1820;0,65;28000;2240;0,08;560;14396;28/09/2020;2020;4314175;8947,39; GRANIZO
Aliança do Brasil Seguros S/A.;15414901479201927;54310020;1356025;04/06/2021;04/06/2021;04/06/2022;ANONIMIZADO;***;Colônia Vitória;PR;S;25;33;27;W;51;33;47;-;-;CUSTEIO;Cevada;18,1;-;5500;3850;0,7;280550;5255,64;0,018733345;2102,26;19884;09/06/2021;2021;4109401;0; GRANIZO
Aliança do Brasil Seguros S/A.;15414901479201927;54278271;1338485;25/05/2021;25/05/2021;25/05/2022;ANONIMIZADO;***;Nova Prata do Iguaçu;PR;S;25;37;43;W;53;18;21;-;-;CUSTEIO;Trigo;33,56;-;3000;1950;0,65;425373;13611,94;0,032000009;5444,78;19590;26/05/2021;2021;4117255;0; VENTOS FORTES/FRIOS
Aliança do Brasil Seguros S/A.;15414901479201927;50704867;1039182;23/10/2019;23/10/2019;22/10/2020;ANONIMIZADO;***;Birigui;SP;S;21;15;17;W;50;17;8;-;-;CUSTEIO;Cana-de-açúcar;60,5;-;110;71,5;0,65;193902,5;3016,25;0,015555498;1055,69;8572;28/10/2019;2019;3506508;158792,69; SECA
Aliança do Brasil Seguros S/A.;15414901479201927;50426010;1045486;06/09/2019;06/09/2019;05/09/2020;ANONIMIZADO;***;Novo São Joaquim;MT;S;14;54;47;W;52;46;44;-;-;CUSTEIO;Soja;286;-;3750;3000;0,8;686400;27380,48;0,039889977;8214,14;8187;27/09/2019;2019;5106281;222078,89; SECA
Aliança do Brasil Seguros S/A.;15414901479201927;50457116;1045405;12/09/2019;12/09/2019;11/09/2020;ANONIMIZADO;***;São Luiz Gonzaga;RS;S;28;18;59;W;54;58;11;-;-;CUSTEIO;Soja;95;-;3300;2310;0,7;190000;15546,86;0,081825579;5441,4;8201;27/09/2019;2019;4318903;103550; SECA
Aliança do Brasil Seguros S/A.;15414901479201927;51524570;1127282;20/04/2020;20/04/2020;20/04/2021;ANONIMIZADO;***;Guarapuava;PR;S;25;16;17;W;51;41;51;-;-;CUSTEIO;Cevada;30;-;5500;3850;0,7;84000;7868;0,093666667;2753,8;11793;05/05/2020;2020;4109401;19908; GEADA
Aliança do Brasil Seguros S/A.;15414901479201927;55816039;1604684;31/01/2022;31/01/2022;31/01/2023;ANONIMIZADO;***;Ângulo;PR;-;-;-;-;-;-;-;-;-23,2151;-51,9314;CUSTEIO;Milho 2ª safra;19;-;6000;3900;0,65;82320;9604;0,116666667;3841,6;24832;24/03/2022;2022;4101150;0; VENTOS FORTES/FRIOS
Aliança do Brasil Seguros S/A.;15414901479201927;57890276;1678354;20/01/2023;20/01/2023;20/01/2024;ANONIMIZADO;***;São Jerônimo da Serra;PR;-;-;-;-;-;-;-;-;-23,66598;-50,912019;CUSTEIO;Trigo;27;-;2762;1795,3;0,65;138775,85;12700,67;0,09151931;5080,26;3863;27/01/2023;2023;4124707;0; DEMAIS CAUSAS
Aliança do Brasil Seguros S/A.;15414901479201927;52897680;1275206;09/10/2020;09/10/2020;09/10/2021;ANONIMIZADO;***;Reserva do Iguaçu;PR;S;25;50;50;W;51;52;45;-;-;CUSTEIO;Soja;40,29;-;4200;3360;0,8;106768,5;3475,91;0,032555576;868,98;14855;14/10/2020;2020;4121752;23922,56; GRANIZO
Aliança do Brasil Seguros S/A.;15414901479201927;55816044;1604690;31/01/2022;31/01/2022;31/01/2023;ANONIMIZADO;***;Ivatuba;PR;-;-;-;-;-;-;-;-;-23,6181;-52,2108;CUSTEIO;Milho 2ª safra;33;-;6000;3900;0,65;187000;21816,66;0,116666631;8726,66;24834;24/03/2022;2022;4111605;83674,85; VENTOS FORTES/FRIOS
Aliança do Brasil Seguros S/A.;15414901479201927;60053136;2012143;05/12/2024;05/12/2024;05/12/2025;ANONIMIZADO;***;Miraselva;PR;-;-;-;-;-;-;-;-;-22,973713;-51,467437;CUSTEIO;Milho 2ª safra;27;-;4160;3120;0,75;225419,84;14075,08;0,062439402;5630,03;9635;06/01/2025;2025;4116000;-;-
Aliança do Brasil Seguros S/A.;15414901479201927;50405398;1039018;02/09/2019;02/09/2019;01/09/2020;ANONIMIZADO;***;Paulo de Faria;SP;S;20;8;7;W;49;22;44;-;-;CUSTEIO;Cana-de-açúcar;13,97;-;110;77;0,7;49107,2;1021,29;0,020797154;357,45;8160;27/09/2019;2019;3536604;-;-
Aliança do Brasil Seguros S/A.;15414901479201927;54166041;1345294;30/04/2021;30/04/2021;30/04/2022;ANONIMIZADO;***;Candói;PR;S;25;24;58;W;51;58;16;-;-;CUSTEIO;Trigo;36,04;-;4500;3150;0,7;540600;6030,68;0,011155531;2412,27;19258;06/05/2021;2021;4104428;0; VENTOS FORTES/FRIOS
Aliança do Brasil Seguros S/A.;15414901479201927;50687155;1048584;16/10/2019;16/10/2019;15/10/2020;ANONIMIZADO;***;São Miguel das Missões;RS;S;28;42;32;W;54;29;52;-;-;CUSTEIO;Soja;122;-;3300;2475;0,75;298900;26901;0,09;9415,35;8443;23/10/2019;2019;4319158;195988,73; SECA
Aliança do Brasil Seguros S/A.;15414901479201927;50434107;1045821;09/09/2019;09/09/2019;08/09/2020;ANONIMIZADO;***;Santa Helena de Goiás;GO;S;17;50;59;W;50;30;31;-;-;CUSTEIO;Soja;350;-;3750;2625;0,7;1027250;37007,7;0,036025992;12952,7;8191;27/09/2019;2019;5219308;-;-
Aliança do Brasil Seguros S/A.;15414901479201927;60053643;1984636;06/12/2024;06/12/2024;06/12/2025;ANONIMIZADO;***;Ângulo;PR;-;-;-;-;-;-;-;-;-23,168636;-51,952612;CUSTEIO;Milho 2ª safra;19;-;4240;3180;0,75;170137,76;11725,86;0,068919798;4690,34;9645;06/01/2025;2025;4101150;-;-
Aliança do Brasil Seguros S/A.;15414901479201927;50411131;1046086;04/09/2019;04/09/2019;03/09/2020;ANONIMIZADO;***;Vitorino;PR;S;26;11;9;W;52;47;48;-;-;CUSTEIO;Soja;36,3;-;3750;2437,5;0,65;88758,22;3964,21;0,044663018;1387,47;8173;27/09/2019;2019;4128708;-;-
Aliança do Brasil Seguros S/A.;15414901479201927;50965775;1088371;09/12/2019;09/12/2019;08/12/2020;ANONIMIZADO;***;Cascavel;PR;S;24;55;40;W;53;18;43;-;-;CUSTEIO;Milho 2ª safra;9,7;-;7200;4680;0,65;26481;2780,51;0,105000189;973,18;9685;06/01/2020;2020;4104808;8111,13; GRANIZO
Aliança do Brasil Seguros S/A.;15414901479201927;54930305;1501533;31/08/2021;31/08/2021;31/08/2022;ANONIMIZADO;***;São Miguel das Missões;RS;S;28;29;7;W;54;31;44;-;-;CUSTEIO;Soja;30;-;3300;2310;0,7;102201,3;9084,54;0,088888693;1816,91;21633;02/09/2021;2021;4319158;76840,86; DEMAIS CAUSAS
Aliança do Brasil Seguros S/A.;15414901479201927;50405361;1038713;29/08/2019;29/08/2019;28/08/2020;ANONIMIZADO;***;Veríssimo;MG;S;19;34;36;W;48;31;48;-;-;CUSTEIO;Cana-de-açúcar;139;-;120;78;0,65;508951,28;8097,68;0,015910521;2834,19;8127;23/09/2019;2019;3171105;-;-
Aliança do Brasil Seguros S/A.;15414901479201927;60053657;1984672;06/12/2024;06/12/2024;06/12/2025;ANONIMIZADO;***;São Carlos do Ivaí;PR;-;-;-;-;-;-;-;-;-23,350081;-52,510452;CUSTEIO;Milho 2ª safra;23;-;4320;3240;0,75;202836,48;15011,37;0,07400725;6004,54;9659;06/01/2025;2025;4124608;-;-
Aliança do Brasil Seguros S/A.;15414901479201927;50405399;1056463;31/08/2019;31/08/2019;30/08/2020;ANONIMIZADO;***;Nova Mutum;MT;S;14;1;51;W;55;27;40;-;-;CUSTEIO;Soja;329;-;3750;3000;0,8;987000;39371,41;0,03988998;11811,42;8161;27/09/2019;2019;5106224;-;-
Aliança do Brasil Seguros S/A.;15414901479201927;60055286;1984969;10/12/2024;10/12/2024;10/12/2025;ANONIMIZADO;***;Centenário do Sul;PR;-;-;-;-;-;-;-;-;-22,802122;-51,526018;CUSTEIO;Milho 2ª safra;20;-;4240;3180;0,75;179640,8;12180,51;0,067804808;4872,2;9696;06/01/2025;2025;4105102;-;-
Aliança do Brasil Seguros S/A.;15414901479201927;50441492;1045415;10/09/2019;10/09/2019;09/09/2020;ANONIMIZADO;***;Palminópolis;GO;S;16;47;22;W;50;15;6;-;-;CUSTEIO;Soja;116;-;3750;2625;0,7;302662,56;10903,72;0,036025995;3816,3;8196;27/09/2019;2019;5215900;-;-
Aliança do Brasil Seguros S/A.;15414901479201927;50457121;1045964;12/09/2019;12/09/2019;11/09/2020;ANONIMIZADO;***;São Luiz Gonzaga;RS;S;28;22;28;W;55;3;17;-;-;CUSTEIO;Soja;39;-;3300;2310;0,7;78000;6382,39;0,081825513;2233,84;8232;01/10/2019;2019;4318903;41792,4; SECA
Aliança do Brasil Seguros S/A.;15414901479201927;50405364;1038724;29/08/2019;29/08/2019;28/08/2020;ANONIMIZADO;***;Campo Florido;MG;S;19;46;21;W;48;29;26;-;-;CUSTEIO;Cana-de-açúcar;77,1;-;120;78;0,65;282302,42;4491,57;0,015910491;1572,05;8143;27/09/2019;2019;3111408;-;-
Aliança do Brasil Seguros S/A.;15414901479201927;55014158;1470989;15/09/2021;15/09/2021;15/09/2022;ANONIMIZADO;***;Japurá;PR;S;23;25;40;W;52;34;31;-;-;CUSTEIO;Soja;19,1;-;3058;1987,7;0,65;262625;4202;0,016;840,4;22342;22/09/2021;2021;4112405;0; GRANIZO
Aliança do Brasil Seguros S/A.;15414901479201927;54047772;1346588;31/03/2021;31/03/2021;31/03/2022;ANONIMIZADO;***;Pinhão;PR;S;25;41;58;W;51;42;16;-;-;CUSTEIO;Trigo;39,7;-;4500;3150;0,7;555800;6200,25;0,011155542;2480,1;18818;05/04/2021;2021;4119301;0; GRANIZO
Aliança do Brasil Seguros S/A.;15414901479201927;57765552;1679269;09/01/2023;09/01/2023;09/01/2024;ANONIMIZADO;***;Santa Isabel do Ivaí;PR;-;-;-;-;-;-;-;-;-23,130246;-53,188728;CUSTEIO;Milho 2ª safra;20;-;3762;2445,3;0,65;138375;14953,46;0,108064752;5981,38;3743;16/01/2023;2023;4123709;0; DEMAIS CAUSAS
Aliança do Brasil Seguros S/A.;15414901479201927;50670348;1049115;10/10/2019;10/10/2019;09/10/2020;ANONIMIZADO;***;Chapada dos Guimarães;MT;S;15;32;37;W;55;28;7;-;-;CUSTEIO;Soja;75;-;3000;2100;0,7;161325;5682,23;0,035222253;1988,78;8422;18/10/2019;2019;5103007;32466,74; SECA
Aliança do Brasil Seguros S/A.;15414901479201927;50457120;1045950;12/09/2019;12/09/2019;11/09/2020;ANONIMIZADO;***;São Luiz Gonzaga;RS;S;28;22;36;W;55;1;9;-;-;CUSTEIO;Soja;60;-;3300;2310;0,7;120000;9819,07;0,081825583;3436,67;8231;01/10/2019;2019;4318903;65352; SECA
Aliança do Brasil Seguros S/A.;15414901479201927;51742461;1128851;12/06/2020;12/06/2020;12/06/2021;ANONIMIZADO;***;Guarapuava;PR;S;25;22;9;W;51;31;58;-;-;CUSTEIO;Cevada;65;-;5500;3850;0,7;162500;15220,83;0,093666646;6088,33;12461;17/06/2020;2020;4109401;63030,58; GRANIZO
Aliança do Brasil Seguros S/A.;15414901479201927;52078146;1194130;14/08/2020;14/08/2020;14/08/2021;ANONIMIZADO;***;Campanha;MG;S;21;48;34;W;45;22;6;-;-;CUSTEIO;Milho 1ª safra;30;-;11385;9108;0,8;120000;6293,33;0,052444417;1573,33;13322;17/08/2020;2020;3110905;48300; GRANIZO
Aliança do Brasil Seguros S/A.;15414901479201927;50426012;1045613;06/09/2019;06/09/2019;05/09/2020;ANONIMIZADO;***;Novo São Joaquim;MT;S;14;56;48;W;52;49;26;-;-;CUSTEIO;Soja;686;-;3750;3000;0,8;1577800;62938,41;0,03988998;18881,52;8188;27/09/2019;2019;5106281;569428,02; SECA
Aliança do Brasil Seguros S/A.;15414901479201927;60053131;1988866;05/12/2024;05/12/2024;05/12/2025;ANONIMIZADO;***;Arapongas;PR;-;-;-;-;-;-;-;-;-23,354322;-51,482502;CUSTEIO;Milho 2ª safra;10;-;4880;3172;0,65;84874,88;4986,22;0,058747889;1994,48;9630;06/01/2025;2025;4101507;-;-
Aliança do Brasil Seguros S/A.;15414901479201927;50405409;1045882;03/09/2019;03/09/2019;02/09/2020;ANONIMIZADO;***;Campo Novo;RS;S;27;38;58;W;53;45;59;-;-;CUSTEIO;Milho 1ª safra;77;-;8000;5600;0,7;184800;15415,39;0,083416613;5395,39;8169;27/09/2019;2019;4304002;-;-
Aliança do Brasil Seguros S/A.;15414901479201927;52897678;1275204;09/10/2020;09/10/2020;09/10/2021;ANONIMIZADO;***;Reserva do Iguaçu;PR;S;25;52;10;W;51;52;15;-;-;CUSTEIO;Soja;40,29;-;4200;3360;0,8;106768,5;3475,91;0,032555576;868,98;14853;14/10/2020;2020;4121752;28848,85; GRANIZO
Aliança do Brasil Seguros S/A.;15414901479201927;55816017;1604655;31/01/2022;31/01/2022;31/01/2023;ANONIMIZADO;***;Ivatuba;PR;-;-;-;-;-;-;-;-;-23,5916;-52,152;CUSTEIO;Milho 2ª safra;33;-;6000;3900;0,65;186450;21752,5;0,116666667;8701;24825;24/03/2022;2022;4111605;82740,77; VENTOS FORTES/FRIOS
Aliança do Brasil Seguros S/A.;15414901479201927;53360693;1295081;22/12/2020;22/12/2020;22/12/2021;ANONIMIZADO;***;Quedas do Iguaçu;PR;S;25;26;30;W;52;53;37;-;-;CUSTEIO;Milho 2ª safra;13,55;-;5525;3591,25;0,65;27073,44;3128,5;0,115556058;1251,4;17538;04/01/2021;2021;4120903;0; GEADA
Aliança do Brasil Seguros S/A.;15414901479201927;51624078;1125612;20/05/2020;20/05/2020;20/05/2021;ANONIMIZADO;***;Cascavel;PR;S;24;57;33;W;53;11;22;-;-;CUSTEIO;Trigo;5,68;-;2780;1807;0,65;8553,11;1368,5;0,160000281;547,4;12125;26/05/2020;2020;4104808;8348,69; VENTOS FORTES/FRIOS
Aliança do Brasil Seguros S/A.;15414901479201927;60055277;1985014;10/12/2024;10/12/2024;10/12/2025;ANONIMIZADO;***;Mandaguaçu;PR;-;-;-;-;-;-;-;-;-23,164669;-51,975636;CUSTEIO;Milho 2ª safra;25;-;4240;3180;0,75;209650,4;12921,8;0,061634989;5168,72;9687;06/01/2025;2025;4114104;-;-
Aliança do Brasil Seguros S/A.;15414901479201927;53928080;1336184;19/03/2021;19/03/2021;19/03/2022;ANONIMIZADO;***;Iretama;PR;S;24;24;20;W;52;7;26;-;-;CUSTEIO;Milho 2ª safra;12;-;5000;3250;0,65;142492,2;2843,51;0,019955548;1137,4;18609;22/03/2021;2021;4110805;0; GRANIZO
Aliança do Brasil Seguros S/A.;15414901479201927;50457131;1046820;12/09/2019;12/09/2019;11/09/2020;ANONIMIZADO;***;Cascavel;PR;S;24;52;21;W;53;24;20;-;-;CUSTEIO;Milho 1ª safra;40;-;10000;7000;0,7;113563,2;5510,89;0,048527076;1928,81;8240;01/10/2019;2019;4104808;-;-
Aliança do Brasil Seguros S/A.;15414901479201927;51834868;1144388;02/07/2020;02/07/2020;02/07/2021;ANONIMIZADO;***;Pelotas;RS;S;31;40;75;W;52;16;13;-;-;CUSTEIO;Soja;82;-;2835;1842,75;0,65;205000;15580;0,076;3895;12749;03/07/2020;2020;4314407;25577,51; CHUVA EXCESSIVA
Aliança do Brasil Seguros S/A.;15414901479201927;60054240;1988921;07/12/2024;07/12/2024;07/12/2025;ANONIMIZADO;***;Sabáudia;PR;-;-;-;-;-;-;-;-;-23,404958;-51,584093;CUSTEIO;Milho 2ª safra;10;-;4640;3248;0,7;89622,45;5671,9;0,063286598;2268,76;9673;06/01/2025;2025;4122701;-;-
Aliança do Brasil Seguros S/A.;15414901479201927;51409852;1099216;26/03/2020;26/03/2020;26/03/2021;ANONIMIZADO;***;Capão do Cipó;RS;S;28;47;23;W;54;40;35;-;-;CUSTEIO;Trigo;56;-;2904;1887,6;0,65;82761,84;13241,88;0,159999826;4634,66;10977;30/03/2020;2020;4304655;53899,04; GEADA
Aliança do Brasil Seguros S/A.;15414901479201927;50405375;1045458;30/08/2019;30/08/2019;29/08/2020;ANONIMIZADO;***;Itapejara d'Oeste;PR;S;26;1;47;W;52;47;59;-;-;CUSTEIO;Soja;9,07;-;3575;2502,5;0,7;21029,6;1233,21;0,058641629;431,62;8146;27/09/2019;2019;4111209;-;-
Aliança do Brasil Seguros S/A.;15414901479201927;51524569;1127538;20/04/2020;20/04/2020;20/04/2021;ANONIMIZADO;***;Guarapuava;PR;S;25;15;55;W;51;42;14;-;-;CUSTEIO;Cevada;30;-;5500;3850;0,7;84000;7868;0,093666667;2753,8;11792;05/05/2020;2020;4109401;19908; GEADA
Aliança do Brasil Seguros S/A.;15414901479201927;50608188;1046713;03/10/2019;03/10/2019;02/10/2020;ANONIMIZADO;***;Alto Piquiri;PR;S;23;57;9;W;53;23;37;-;-;CUSTEIO;Soja;93;-;3250;2112,5;0,65;186000;11180,66;0,060111075;3913,23;8311;14/10/2019;2019;4100707;5461,49; SECA
Aliança do Brasil Seguros S/A.;15414901479201927;57747018;1679087;03/01/2023;03/01/2023;03/01/2024;ANONIMIZADO;***;Itaquiraí;MS;-;-;-;-;-;-;-;-;-23,344972;-54,046447;CUSTEIO;Milho 2ª safra;16;-;3762;2445,3;0,65;79584;15626,31;0,196349894;6250,52;3723;05/01/2023;2023;5004601;0; DEMAIS CAUSAS
Aliança do Brasil Seguros S/A.;15414901479201927;54917196;1480920;27/08/2021;27/08/2021;27/08/2022;ANONIMIZADO;***;Pejuçara;RS;S;28;26;33;W;53;45;-;-;-;CUSTEIO;Milho 1ª safra;48;-;9786,5;6361,23;0,650000511;240228;7607,22;0,031666667;1901,81;21410;30/08/2021;2021;4314308;0; GRANIZO
Aliança do Brasil Seguros S/A.;15414901479201927;50748990;1050206;06/11/2019;06/11/2019;05/11/2020;ANONIMIZADO;***;Monsenhor Paulo;MG;S;21;45;26;W;45;26;21;-;-;CUSTEIO;Feijão 1ª safra;43,19;-;1600;1040;0,65;142527;11402,15;0,07999993;3990,75;8863;11/11/2019;2019;3142601;30459; CHUVA EXCESSIVA
Aliança do Brasil Seguros S/A.;15414901479201927;51662872;1143841;28/05/2020;28/05/2020;28/05/2021;ANONIMIZADO;***;Bagé;RS;S;31;29;17;W;54;29;40;-;-;CUSTEIO;Soja;160,64;-;3000;2100;0,7;321280;25702,4;0,08;6425,6;12196;29/05/2020;2020;4301602;308886,51; INUNDAÇÃO/TROMBA D´ÁGUA
Aliança do Brasil Seguros S/A.;15414901479201927;51429502;1116790;31/03/2020;31/03/2020;31/03/2021;ANONIMIZADO;***;Nova Xavantina;MT;S;14;51;16;W;52;23;45;-;-;CUSTEIO;Soja;180;-;3750;2625;0,7;400455;14104,92;0,035222235;3526,23;11176;02/04/2020;2020;5106257;136415,35; CHUVA EXCESSIVA
Aliança do Brasil Seguros S/A.;15414901479201927;52078207;1199755;14/08/2020;14/08/2020;14/08/2021;ANONIMIZADO;***;Ibirarema;SP;S;22;47;47;W;50;6;10;-;-;CUSTEIO;Cana-de-açúcar;104,92;-;138;96,6;0,7;220332;4480,07;0,02033327;1792,03;13361;17/08/2020;2020;3519501;44374,86; INCÊNDIO
Aliança do Brasil Seguros S/A.;15414901479201927;54303338;1366590;01/06/2021;01/06/2021;01/06/2022;ANONIMIZADO;***;Colônia Vitória;PR;S;25;33;27;W;51;46;47;-;-;CUSTEIO;Trigo;24;-;4500;3150;0,7;360000;4016;0,011155556;1606,4;20023;10/06/2021;2021;4109401;0; GRANIZO
Aliança do Brasil Seguros S/A.;15414901479201927;55775325;1552277;22/01/2022;22/01/2022;22/01/2023;ANONIMIZADO;***;Anahy;PR;-;-;-;-;-;-;-;-;-24,6645;-53,145;CUSTEIO;Milho 2ª safra;13;-;3900;2535;0,65;72600;8470;0,116666667;3388;24355;26/01/2022;2022;4101051;2891,06; VENTOS FORTES/FRIOS
Aliança do Brasil Seguros S/A.;15414901479201927;55816023;1604610;29/01/2022;29/01/2022;29/01/2023;ANONIMIZADO;***;Ângulo;PR;-;-;-;-;-;-;-;-;-23,2475;-51,9558;CUSTEIO;Milho 2ª safra;63;-;6000;3900;0,65;319000;37216,66;0,116666646;14886,66;24827;24/03/2022;2022;4101150;0; VENTOS FORTES/FRIOS
Aliança do Brasil Seguros S/A.;15414901479201927;50405411;1045873;03/09/2019;03/09/2019;02/09/2020;ANONIMIZADO;***;Água Clara;MS;S;20;25;50;W;52;53;15;-;-;CUSTEIO;Soja;230;-;3150;2362,5;0,75;351118;26056,9;0,074211234;9119,92;8171;27/09/2019;2019;5000203;163691,21; SECA
Aliança do Brasil Seguros S/A.;15414901479201927;51594649;1125511;14/05/2020;14/05/2020;14/05/2021;ANONIMIZADO;***;Cascavel;PR;S;25;7;26;W;53;24;32;-;-;CUSTEIO;Trigo;27,35;-;2780;1807;0,65;41184,45;6589,51;0,159999951;2635,8;12075;15/05/2020;2020;4104808;29771,74; GEADA
Aliança do Brasil Seguros S/A.;15414901479201927;52078186;1196570;14/08/2020;14/08/2020;14/08/2021;ANONIMIZADO;***;Porangatu;GO;S;13;7;47;W;49;13;12;-;-;CUSTEIO;Soja;100;-;3600;2520;0,7;244556;8613,81;0,035222239;2153,45;13375;18/08/2020;2020;5218003;66568,14; CHUVA EXCESSIVA
Aliança do Brasil Seguros S/A.;15414901479201927;50589718;1054030;27/09/2019;27/09/2019;26/09/2020;ANONIMIZADO;***;Rio Verde;GO;S;17;16;46;W;50;43;60;-;-;CUSTEIO;Soja;531,92;-;3750;2625;0,7;1223416;43091,43;0,035222222;15082;8260;09/10/2019;2019;5218805;256795,02; SECA
Aliança do Brasil Seguros S/A.;15414901479201927;51792995;1125795;23/06/2020;23/06/2020;23/06/2021;ANONIMIZADO;***;Boa Vista da Aparecida;PR;S;25;27;46;W;53;22;55;-;-;CUSTEIO;Trigo;18,76;-;2880;1872;0,65;29265,6;4682,5;0,160000137;1873;12552;24/06/2020;2020;4103057;9423,52; VENTOS FORTES/FRIOS
Aliança do Brasil Seguros S/A.;15414901479201927;55815993;1559381;29/01/2022;29/01/2022;29/01/2023;ANONIMIZADO;***;Munhoz de Melo;PR;-;-;-;-;-;-;-;-;-23,0633;-51,7238;CUSTEIO;Milho 2ª safra;31;-;5500;3575;0,65;129270;15081,5;0,116666667;6032,6;24785;03/02/2022;2022;4116307;0; VENTOS FORTES/FRIOS
Aliança do Brasil Seguros S/A.;15414901479201927;54700427;1410812;24/07/2021;24/07/2021;24/07/2022;ANONIMIZADO;***;Bom Sucesso de Patos;MG;S;18;49;42;W;46;34;51;-;-;CUSTEIO;Café;75;-;2400;1560;0,65;412500;19020,8;0,04611103;7608,32;20734;27/07/2021;2021;3148004;368223,63; INCÊNDIO
Aliança do Brasil Seguros S/A.;15414901479201927;51808993;1140208;26/06/2020;26/06/2020;26/06/2021;ANONIMIZADO;***;Santa Vitória do Palmar;RS;S;32;55;54;W;52;47;23;-;-;CUSTEIO;Soja;40;-;2800;1820;0,65;100000;8000;0,08;2000;12631;29/06/2020;2020;4317301;94956,52; INUNDAÇÃO/TROMBA D´ÁGUA
Aliança do Brasil Seguros S/A.;15414901479201927;55674002;1554728;07/01/2022;07/01/2022;07/01/2023;ANONIMIZADO;***;Terra Roxa;PR;-;-;-;-;-;-;-;-;-24,0935;-54,0424;CUSTEIO;Milho 2ª safra;105;-;7200;4680;0,65;636000;74200;0,116666667;29680;24067;10/01/2022;2022;4127403;435406,67; VENTOS FORTES/FRIOS
Aliança do Brasil Seguros S/A.;15414901479201927;57778746;1677799;11/01/2023;11/01/2023;11/01/2024;ANONIMIZADO;***;Santa Isabel do Ivaí;PR;-;-;-;-;-;-;-;-;-23,137051;-53,209706;CUSTEIO;Milho 2ª safra;18;-;3762;2445,3;0,65;128250;13859,31;0,108064795;5543,72;3770;19/01/2023;2023;4123709;0; DEMAIS CAUSAS
Aliança do Brasil Seguros S/A.;15414901479201927;50405367;1045686;29/08/2019;29/08/2019;28/08/2020;ANONIMIZADO;***;Nova Marilândia;MT;S;14;11;51;W;57;1;34;-;-;CUSTEIO;Soja;970;-;3750;3000;0,8;2037000;81255,88;0,039889975;24376,76;8145;27/09/2019;2019;5108857;-;-
Aliança do Brasil Seguros S/A.;15414901479201927;50620460;1038916;08/10/2019;08/10/2019;07/10/2020;ANONIMIZADO;***;Avanhandava;SP;S;21;25;32;W;50;-;14;-;-;CUSTEIO;Cana-de-açúcar;31;-;110;77;0,7;69719;1495,08;0,02144437;523,28;8313;14/10/2019;2019;3504404;56935,95; SECA
Aliança do Brasil Seguros S/A.;15414901479201927;55816019;1604637;31/01/2022;31/01/2022;31/01/2023;ANONIMIZADO;***;Ivatuba;PR;-;-;-;-;-;-;-;-;-23,6077;-52,2141;CUSTEIO;Milho 2ª safra;33;-;6000;3900;0,65;186450;21752,5;0,116666667;8701;24826;24/03/2022;2022;4111605;104597,37; VENTOS FORTES/FRIOS
Aliança do Brasil Seguros S/A.;15414901479201927;50615532;1046445;07/10/2019;07/10/2019;06/10/2020;ANONIMIZADO;***;Ipê;RS;S;28;37;38;W;51;16;29;-;-;CUSTEIO;Soja;97;-;2800;1820;0,65;195600;15648;0,08;5476,8;8400;16/10/2019;2019;4310439;109829,4; INUNDAÇÃO/TROMBA D´ÁGUA
Aliança do Brasil Seguros S/A.;15414901479201927;50624957;1049122;09/10/2019;09/10/2019;08/10/2020;ANONIMIZADO;***;Bossoroca;RS;S;28;38;28;W;54;45;47;-;-;CUSTEIO;Soja;103,03;-;3300;2310;0,7;190507,62;15240,61;0,080000002;5334,21;8408;17/10/2019;2019;4302501;139111,49; SECA
Aliança do Brasil Seguros S/A.;15414901479201927;60054230;1984820;07/12/2024;07/12/2024;07/12/2025;ANONIMIZADO;***;Cruz Alta;RS;-;-;-;-;-;-;-;-;-28,686002;-53,340271;CUSTEIO;Trigo;59;-;2940;1911;0,65;197321,76;16663,26;0,084447149;6665,3;9663;06/01/2025;2025;4306106;-;-
Aliança do Brasil Seguros S/A.;15414901479201927;51695723;1125163;05/06/2020;05/06/2020;05/06/2021;ANONIMIZADO;***;Manoel Viana;RS;S;29;19;41;W;55;33;47;-;-;CUSTEIO;Trigo;50;-;2633;1711,45;0,65;75000;12000;0,16;4800;12307;08/06/2020;2020;4311759;16832,59; GEADA
Aliança do Brasil Seguros S/A.;15414901479201927;50457114;1052263;12/09/2019;12/09/2019;11/09/2020;ANONIMIZADO;***;São Luiz Gonzaga;RS;S;28;22;49;W;55;2;42;-;-;CUSTEIO;Soja;125;-;3300;2310;0,7;250000;20456,4;0,0818256;7159,74;8199;27/09/2019;2019;4318903;107750; SECA
Aliança do Brasil Seguros S/A.;15414901479201927;60053648;1984589;06/12/2024;06/12/2024;06/12/2025;ANONIMIZADO;***;Santa Fé;PR;-;-;-;-;-;-;-;-;-22,996801;-51,833337;CUSTEIO;Milho 2ª safra;22;-;4560;3420;0,75;180587,95;11792,75;0,065301976;4717,1;9650;06/01/2025;2025;4123402;-;-
Aliança do Brasil Seguros S/A.;15414901479201927;57877931;1678139;17/01/2023;17/01/2023;17/01/2024;ANONIMIZADO;***;Taquarussu;MS;-;-;-;-;-;-;-;-;-22,383972;-53,356236;CUSTEIO;Milho 2ª safra;63;-;4062;2640,3;0,65;363883,22;47917,97;0,131685022;19167,18;3804;19/01/2023;2023;5007976;0; DEMAIS CAUSAS
Aliança do Brasil Seguros S/A.;15414901479201927;52768733;1233791;22/09/2020;22/09/2020;22/09/2021;ANONIMIZADO;***;Penápolis;SP;S;21;23;9;W;50;6;9;-;-;CUSTEIO;Cana-de-açúcar;19,4;-;110;77;0,7;62274;1287;0,020666731;514,8;14242;24/09/2020;2020;3537305;14488,45; INCÊNDIO
Aliança do Brasil Seguros S/A.;15414901479201927;51668883;1125989;29/05/2020;29/05/2020;29/05/2021;ANONIMIZADO;***;Quedas do Iguaçu;PR;S;25;22;9;W;53;3;8;-;-;CUSTEIO;Trigo;12,2;-;2820;1833;0,65;18635,5;2981,67;0,159999463;1192,67;12258;02/06/2020;2020;4120903;7528,74; GEADA
Aliança do Brasil Seguros S/A.;15414901479201927;50405391;1045721;30/08/2019;30/08/2019;29/08/2020;ANONIMIZADO;***;Novo Diamantino;MT;S;14;11;19;W;57;3;12;-;-;CUSTEIO;Soja;720;-;3750;3000;0,8;1512000;60313,64;0,039889974;18094,09;8156;27/09/2019;2019;5103502;-;-
Aliança do Brasil Seguros S/A.;15414901479201927;57884180;1678200;18/01/2023;18/01/2023;18/01/2024;ANONIMIZADO;***;São Carlos do Ivaí;PR;-;-;-;-;-;-;-;-;-23,286927;-52,508433;CUSTEIO;Milho 2ª safra;15;-;4062;2640,3;0,65;81175,68;7597,83;0,093597368;3039,13;3761;19/01/2023;2023;4124608;0; DEMAIS CAUSAS
Aliança do Brasil Seguros S/A.;15414901479201927;51357722;1089136;12/03/2020;12/03/2020;12/03/2021;ANONIMIZADO;***;Cascavel;PR;S;24;56;50;W;53;18;29;-;-;CUSTEIO;Trigo;24,2;-;2780;1807;0,65;36441,09;5830,56;0,159999605;2040,7;10508;13/03/2020;2020;4104808;12379,04; GEADA
Aliança do Brasil Seguros S/A.;15414901479201927;52021090;1183396;04/08/2020;04/08/2020;04/08/2021;ANONIMIZADO;***;Bagé;RS;S;31;27;45;W;54;25;79;-;-;CUSTEIO;Soja;270;-;3300;2145;0,65;756000;49140;0,065;12285;13194;05/08/2020;2020;4301602;365661,14; INUNDAÇÃO/TROMBA D´ÁGUA
Aliança do Brasil Seguros S/A.;15414901479201927;51429516;1116809;31/03/2020;31/03/2020;31/03/2021;ANONIMIZADO;***;Nova Xavantina;MT;S;14;52;5;W;52;23;58;-;-;CUSTEIO;Soja;85;-;3750;2625;0,7;189103,75;6660,65;0,035222199;1665,16;11185;02/04/2020;2020;5106257;96658,65; CHUVA EXCESSIVA
Aliança do Brasil Seguros S/A.;15414901479201927;50694442;1059395;19/10/2019;19/10/2019;18/10/2020;ANONIMIZADO;***;Baliza;GO;S;16;21;27;W;52;38;38;-;-;CUSTEIO;Soja;325;-;3750;2625;0,7;910000;32052,22;0,03522222;11218,28;8499;24/10/2019;2019;5203104;468489,05; SECA
Aliança do Brasil Seguros S/A.;15414901479201927;50457126;1046798;12/09/2019;12/09/2019;11/09/2020;ANONIMIZADO;***;Centralina;MG;S;18;35;17;W;49;9;35;-;-;CUSTEIO;Soja;191,3;-;3500;2450;0,7;439990;15851,08;0,036026001;5547,88;8237;01/10/2019;2019;3115805;-;-
Aliança do Brasil Seguros S/A.;15414901479201927;57776633;1677705;10/01/2023;10/01/2023;10/01/2024;ANONIMIZADO;***;Rancho Alegre;PR;-;-;-;-;-;-;-;-;-23,054122;-50,898924;CUSTEIO;Milho 2ª safra;11;-;4000;2600;0,65;66000;7132,27;0,108064697;2852,9;3749;16/01/2023;2023;4121307;0; DEMAIS CAUSAS
Aliança do Brasil Seguros S/A.;15414901479201927;60053656;1984658;06/12/2024;06/12/2024;06/12/2025;ANONIMIZADO;***;São Carlos do Ivaí;PR;-;-;-;-;-;-;-;-;-23,306547;-52,482559;CUSTEIO;Milho 2ª safra;19;-;4320;3240;0,75;161272,32;11935,35;0,07400743;4774,14;9658;06/01/2025;2025;4124608;-;-
Aliança do Brasil Seguros S/A.;15414901479201927;51429500;1117775;31/03/2020;31/03/2020;31/03/2021;ANONIMIZADO;***;Nova Xavantina;MT;S;14;51;44;W;52;24;3;-;-;CUSTEIO;Soja;80;-;3750;2625;0,7;177980;6268,85;0,035222216;1567,21;11174;02/04/2020;2020;5106257;95228,18; CHUVA EXCESSIVA
Aliança do Brasil Seguros S/A.;15414901479201927;55763740;1548610;21/01/2022;21/01/2022;21/01/2023;ANONIMIZADO;***;Naviraí;MS;-;-;-;-;-;-;-;-;-22,9644;-53,8143;CUSTEIO;Milho 2ª safra;203,01;-;3510;2281,5;0,65;775048;86116,44;0,111111105;34446,58;24266;24/01/2022;2022;5005707;103117,35; VENTOS FORTES/FRIOS
Aliança do Brasil Seguros S/A.;15414901479201927;50457118;1045847;12/09/2019;12/09/2019;11/09/2020;ANONIMIZADO;***;São Luiz Gonzaga;RS;S;28;17;58;W;54;58;35;-;-;CUSTEIO;Soja;174;-;3300;2310;0,7;348000;28475,3;0,081825575;9966,36;8203;27/09/2019;2019;4318903;197490; SECA
Aliança do Brasil Seguros S/A.;15414901479201927;50687130;1048748;15/10/2019;15/10/2019;14/10/2020;ANONIMIZADO;***;Ivaí;PR;S;24;53;43;W;50;56;6;-;-;CUSTEIO;Soja;14,59;-;3570;2677,5;0,75;32214,28;1764,61;0,05477726;617,61;8546;28/10/2019;2019;4111407;19403,38; SECA
Aliança do Brasil Seguros S/A.;15414901479201927;50405385;1045700;30/08/2019;30/08/2019;29/08/2020;ANONIMIZADO;***;Nova Mutum;MT;S;13;47;49;W;55;37;54;-;-;CUSTEIO;Soja;455;-;3750;3000;0,8;955500;38114,87;0,039889974;11434,46;8152;27/09/2019;2019;5106224;-;-
Aliança do Brasil Seguros S/A.;15414901479201927;54964651;1469549;10/09/2021;10/09/2021;10/09/2022;ANONIMIZADO;***;Cascavel;PR;S;25;3;37;W;53;28;56;-;-;CUSTEIO;Soja;96,8;-;3600;2520;0,7;3049200;36658,15;0,012022219;7331,63;22225;20/09/2021;2021;4104808;65809,19; GRANIZO
Aliança do Brasil Seguros S/A.;15414901479201927;60053137;1988856;05/12/2024;05/12/2024;05/12/2025;ANONIMIZADO;***;Centenário do Sul;PR;-;-;-;-;-;-;-;-;-22,774308;-51,537641;CUSTEIO;Milho 2ª safra;24;-;4240;3180;0,75;204565,44;13870,05;0,067802509;5548,02;9636;06/01/2025;2025;4105102;-;-
Aliança do Brasil Seguros S/A.;15414901479201927;54258952;1343619;21/05/2021;21/05/2021;21/05/2022;ANONIMIZADO;***;Iguaraçu;PR;S;23;16;58;W;51;54;5;-;-;CUSTEIO;Soja;63;-;3750;2437,5;0,65;1102500;16635,5;0,015088889;3327,1;19539;25/05/2021;2021;4110003;145520,05; GRANIZO
Aliança do Brasil Seguros S/A.;15414901479201927;51379274;1146787;17/03/2020;17/03/2020;17/03/2021;ANONIMIZADO;***;Mangueirinha;PR;S;26;9;38;W;52;11;26;-;-;CUSTEIO;Feijão 1ª safra;55,93;-;2000;1300;0,65;115551,38;9244,11;0,079999997;2311,02;10727;23/03/2020;2020;4114401;108859,88; GEADA
Aliança do Brasil Seguros S/A.;15414901479201927;54047747;1337067;30/03/2021;30/03/2021;30/03/2022;ANONIMIZADO;***;Jandaia do Sul;PR;S;23;34;53;W;51;36;19;-;-;CUSTEIO;Milho 2ª safra;19;-;5200;3380;0,65;190000;3791,55;0,019955526;1516,62;18797;01/04/2021;2021;4112108;0; GRANIZO
Aliança do Brasil Seguros S/A.;15414901479201927;52897679;1275200;09/10/2020;09/10/2020;09/10/2021;ANONIMIZADO;***;Reserva do Iguaçu;PR;S;25;52;33;W;51;52;17;-;-;CUSTEIO;Soja;40,29;-;4200;3360;0,8;106768,5;3475,91;0,032555576;868,98;14854;14/10/2020;2020;4121752;22607,22; GRANIZO
Aliança do Brasil Seguros S/A.;15414901479201927;60055280;1985038;10/12/2024;10/12/2024;10/12/2025;ANONIMIZADO;***;Flórida;PR;-;-;-;-;-;-;-;-;-23,104282;-51,993432;CUSTEIO;Milho 2ª safra;71;-;4160;3120;0,75;594595,2;40653,95;0,068372483;16261,58;9690;06/01/2025;2025;4108106;-;-
Aliança do Brasil Seguros S/A.;15414901479201927;50677105;1048424;14/10/2019;14/10/2019;13/10/2020;ANONIMIZADO;***;Inaciolândia;GO;S;18;29;34;W;50;1;32;-;-;CUSTEIO;Soja;8;-;3750;2625;0,7;19040;670,63;0,035222164;234,72;8440;23/10/2019;2019;5209937;9360,15; CHUVA EXCESSIVA
Aliança do Brasil Seguros S/A.;15414901479201927;50457125;1047031;12/09/2019;12/09/2019;11/09/2020;ANONIMIZADO;***;Catalão;GO;S;17;58;16;W;47;23;24;-;-;CUSTEIO;Soja;180;-;3750;2437,5;0,65;446671,8;15279,58;0,034207622;5347,85;8236;01/10/2019;2019;5205109;-;-
Aliança do Brasil Seguros S/A.;15414901479201927;60054243;1984710;07/12/2024;07/12/2024;07/12/2025;ANONIMIZADO;***;Arapongas;PR;-;-;-;-;-;-;-;-;-23,479608;-51,391304;CUSTEIO;Milho 2ª safra;36;-;4640;3480;0,75;329863,68;21355,05;0,064739016;8542,02;9676;06/01/2025;2025;4101507;-;-
Aliança do Brasil Seguros S/A.;15414901479201927;51379281;1148238;17/03/2020;17/03/2020;17/03/2021;ANONIMIZADO;***;Vitorino;PR;S;26;15;35;W;52;52;55;-;-;CUSTEIO;Feijão 1ª safra;30;-;2200;1430;0,65;66526,5;5322,12;0,08;1330,53;10701;20/03/2020;2020;4128708;19498,92; GEADA
Aliança do Brasil Seguros S/A.;15414901479201927;50405404;1045529;03/09/2019;03/09/2019;02/09/2020;ANONIMIZADO;***;São Miguel das Missões;RS;S;28;37;56;W;54;29;-;-;-;CUSTEIO;Milho 1ª safra;65,5;-;7000;4900;0,7;131000;10927,57;0,083416565;3824,65;8166;27/09/2019;2019;4319158;-;-
Aliança do Brasil Seguros S/A.;15414901479201927;50868884;1078641;21/11/2019;21/11/2019;20/11/2020;ANONIMIZADO;***;Bossoroca;RS;S;28;35;42;W;54;56;49;-;-;CUSTEIO;Soja;30;-;3300;2475;0,75;60000;5400;0,09;1890;9054;25/11/2019;2019;4302501;70889,25; INUNDAÇÃO/TROMBA D´ÁGUA
Aliança do Brasil Seguros S/A.;15414901479201927;54700439;1411019;24/07/2021;24/07/2021;24/07/2022;ANONIMIZADO;***;Pedregulho;SP;S;20;18;24;W;47;28;49;-;-;CUSTEIO;Café;38;-;2978,64;1936,12;0,650001343;456000;29193,12;0,06402;11677,25;20746;27/07/2021;2021;3537008;0; GRANIZO
Aliança do Brasil Seguros S/A.;15414901479201927;51808989;1140199;26/06/2020;26/06/2020;26/06/2021;ANONIMIZADO;***;Santa Vitória do Palmar;RS;S;32;55;59;W;52;47;4;-;-;CUSTEIO;Soja;22;-;2800;1820;0,65;55000;4400;0,08;1100;12627;29/06/2020;2020;4317301;30868,77; INUNDAÇÃO/TROMBA D´ÁGUA
Aliança do Brasil Seguros S/A.;15414901479201927;60054239;1984722;07/12/2024;07/12/2024;07/12/2025;ANONIMIZADO;***;Alvorada do Sul;PR;-;-;-;-;-;-;-;-;-22,758633;-51,295401;CUSTEIO;Milho 2ª safra;21;-;4560;3420;0,75;191227,68;12266,6;0,064146571;4906,64;9672;06/01/2025;2025;4100806;-;-
Aliança do Brasil Seguros S/A.;15414901479201927;55799139;1604390;27/01/2022;27/01/2022;27/01/2023;ANONIMIZADO;***;Floresta;PR;-;-;-;-;-;-;-;-;-23,6071;-52,0409;CUSTEIO;Milho 2ª safra;24;-;6000;3900;0,65;112320;13104;0,116666667;5241,6;24705;01/02/2022;2022;4107900;0; VENTOS FORTES/FRIOS
Aliança do Brasil Seguros S/A.;15414901479201927;57884183;1678212;18/01/2023;18/01/2023;18/01/2024;ANONIMIZADO;***;Dourados;MS;-;-;-;-;-;-;-;-;-22,070461;-54,517178;CUSTEIO;Milho 2ª safra;30;-;3762;2445,3;0,65;157500;20878,95;0,132564762;8351,58;3764;19/01/2023;2023;5003702;0; DEMAIS CAUSAS
Aliança do Brasil Seguros S/A.;15414901479201927;50405363;1038754;29/08/2019;29/08/2019;28/08/2020;ANONIMIZADO;***;Campo Florido;MG;S;19;45;48;W;48;29;42;-;-;CUSTEIO;Cana-de-açúcar;88,9;-;120;78;0,65;325508,24;5178,99;0,015910473;1812,65;8142;27/09/2019;2019;3111408;-;-
Aliança do Brasil Seguros S/A.;15414901479201927;60053640;1988911;06/12/2024;06/12/2024;06/12/2025;ANONIMIZADO;***;Florestópolis;PR;-;-;-;-;-;-;-;-;-22,857159;-51,380471;CUSTEIO;Milho 2ª safra;20;-;4400;3300;0,75;165870,72;12624,87;0,07611271;5049,94;9642;06/01/2025;2025;4108007;-;-
Aliança do Brasil Seguros S/A.;15414901479201927;51792994;1125829;23/06/2020;23/06/2020;23/06/2021;ANONIMIZADO;***;Boa Vista da Aparecida;PR;S;25;27;53;W;53;23;25;-;-;CUSTEIO;Trigo;17,04;-;2880;1872;0,65;26582,4;4253,17;0,159999473;1701,27;12551;24/06/2020;2020;4103057;8910,42; VENTOS FORTES/FRIOS
Aliança do Brasil Seguros S/A.;15414901479201927;50546008;1045984;20/09/2019;20/09/2019;19/09/2020;ANONIMIZADO;***;São Borja;RS;S;28;36;8;W;55;50;17;-;-;CUSTEIO;Soja;150;-;3300;2475;0,75;300000;27616,14;0,0920538;9665,65;8219;01/10/2019;2019;4318002;77964,72; SECA
Aliança do Brasil Seguros S/A.;15414901479201927;57864179;1677968;13/01/2023;13/01/2023;13/01/2024;ANONIMIZADO;***;Santo Ângelo;RS;-;-;-;-;-;-;-;-;-28,252217;-54,38213;CUSTEIO;Canola;16;-;2100;1365;0,65;81675;7417,28;0,09081457;2966,91;3776;19/01/2023;2023;4317509;0; DEMAIS CAUSAS
Aliança do Brasil Seguros S/A.;15414901479201927;57868837;1689662;16/01/2023;16/01/2023;16/01/2024;ANONIMIZADO;***;Luiziana;PR;-;-;-;-;-;-;-;-;-24,465936;-52,45381;CUSTEIO;Canola;9;-;1350;877,5;0,65;166546,25;9864,83;0,059231775;3945,93;3796;19/01/2023;2023;4113734;0; DEMAIS CAUSAS
Aliança do Brasil Seguros S/A.;15414901479201927;50405397;1045435;31/08/2019;31/08/2019;30/08/2020;ANONIMIZADO;***;Porto dos Gaúchos;MT;S;11;41;43;W;56;46;44;-;-;CUSTEIO;Soja;203;-;3750;3000;0,8;412126,54;16439,72;0,039889981;4931,92;8159;27/09/2019;2019;5106802;-;-
Aliança do Brasil Seguros S/A.;15414901479201927;60054237;1984808;07/12/2024;07/12/2024;07/12/2025;ANONIMIZADO;***;Maringá;PR;-;-;-;-;-;-;-;-;-23,28959;-51,937615;CUSTEIO;Milho 2ª safra;12;-;4800;3600;0,75;110443,2;7332,35;0,066390235;2932,94;9670;06/01/2025;2025;4115200;-;-
Aliança do Brasil Seguros S/A.;15414901479201927;50615495;1046303;07/10/2019;07/10/2019;06/10/2020;ANONIMIZADO;***;Barbosa;SP;S;21;16;4;W;49;55;13;-;-;CUSTEIO;Soja;50;-;110000;77000;0,7;160250;3258,42;0,020333354;1140,45;8354;15/10/2019;2019;3505104;36956,17; SECA
Aliança do Brasil Seguros S/A.;15414901479201927;60055860;1985099;11/12/2024;11/12/2024;11/12/2025;ANONIMIZADO;***;Arapoti;PR;-;-;-;-;-;-;-;-;-24,125297;-49,873972;CUSTEIO;Trigo;9;-;3700;2405;0,65;43057,2;4308,03;0,10005365;1723,21;9703;06/01/2025;2025;4101606;-;-
Aliança do Brasil Seguros S/A.;15414901479201927;60054238;1984832;07/12/2024;07/12/2024;07/12/2025;ANONIMIZADO;***;Alvorada do Sul;PR;-;-;-;-;-;-;-;-;-22,693364;-51,263155;CUSTEIO;Milho 2ª safra;30;-;4560;3420;0,75;274500;17608,23;0,064146557;7043,29;9671;06/01/2025;2025;4100806;-;-
Aliança do Brasil Seguros S/A.;15414901479201927;50405408;1045517;03/09/2019;03/09/2019;02/09/2020;ANONIMIZADO;***;Santa Helena de Goiás;GO;S;17;53;58;W;50;23;38;-;-;CUSTEIO;Soja;20,6;-;3750;2625;0,7;49557,01;1785,34;0,036025983;624,87;8168;27/09/2019;2019;5219308;-;-
Aliança do Brasil Seguros S/A.;15414901479201927;54288357;1339207;28/05/2021;28/05/2021;28/05/2022;ANONIMIZADO;***;Colônia Vitória;PR;S;25;14;15;W;51;39;50;-;-;CUSTEIO;Cevada;32,4;-;5500;3850;0,7;502200;9407,87;0,018733313;3763,15;19632;31/05/2021;2021;4109401;27026,28; VENTOS FORTES/FRIOS
Aliança do Brasil Seguros S/A.;15414901479201927;50704864;1039167;23/10/2019;23/10/2019;22/10/2020;ANONIMIZADO;***;Birigui;SP;S;21;11;19;W;50;20;52;-;-;CUSTEIO;Cana-de-açúcar;16,5;-;110;71,5;0,65;53844;837,56;0,015555308;293,15;8569;28/10/2019;2019;3506508;18776,98; SECA
Aliança do Brasil Seguros S/A.;15414901479201927;57776634;1677740;10/01/2023;10/01/2023;10/01/2024;ANONIMIZADO;***;Rancho Alegre;PR;-;-;-;-;-;-;-;-;-23,038857;-50,909685;CUSTEIO;Milho 2ª safra;19;-;4000;2600;0,65;112560;12163,77;0,108064765;4865,5;3750;16/01/2023;2023;4121307;0; DEMAIS CAUSAS
Aliança do Brasil Seguros S/A.;15414901479201927;54924063;1483928;28/08/2021;28/08/2021;28/08/2022;ANONIMIZADO;***;Pejuçara;RS;S;28;27;2;W;53;45;13;-;-;CUSTEIO;Milho 1ª safra;55;-;9786,5;6361,23;0,650000511;1376306,25;8716,61;0,006333336;2179,15;21590;01/09/2021;2021;4314308;0; GRANIZO
Aliança do Brasil Seguros S/A.;15414901479201927;51834867;1146926;02/07/2020;20/07/2020;20/07/2021;ANONIMIZADO;***;Pelotas;RS;S;31;41;6;W;52;14;8;-;-;CUSTEIO;Soja;66,8;-;2835;1842,75;0,65;167000;12692;0,076;3173;12778;06/07/2020;2020;4314407;31204,78; CHUVA EXCESSIVA
Aliança do Brasil Seguros S/A.;15414901479201927;57887060;1678224;19/01/2023;19/01/2023;19/01/2024;ANONIMIZADO;***;Itaquiraí;MS;-;-;-;-;-;-;-;-;-23,481006;-54,023712;CUSTEIO;Milho 2ª safra;12;-;3762;2445,3;0,65;111780;24142,8;0,21598497;9657,12;3810;26/01/2023;2023;5004601;0; DEMAIS CAUSAS
Aliança do Brasil Seguros S/A.;15414901479201927;57765538;1679209;09/01/2023;09/01/2023;09/01/2024;ANONIMIZADO;***;Coromandel;MG;-;-;-;-;-;-;-;-;-18,090795;-47,179732;CUSTEIO;Sorgo;46;-;3720;2418;0,65;165381;7016,24;0,042424704;2806,49;3729;16/01/2023;2023;3119302;0; DEMAIS CAUSAS
Aliança do Brasil Seguros S/A.;15414901479201927;50411133;1045373;04/09/2019;04/09/2019;03/09/2020;ANONIMIZADO;***;Santa Helena de Goiás;GO;S;17;53;22;W;50;28;7;-;-;CUSTEIO;Soja;39,1;-;3750;2625;0,7;94062,09;3388,67;0,036025885;1186,03;8175;27/09/2019;2019;5219308;-;-
Aliança do Brasil Seguros S/A.;15414901479201927;50677104;1048359;14/10/2019;14/10/2019;13/10/2020;ANONIMIZADO;***;Inaciolândia;GO;S;18;29;18;W;50;1;34;-;-;CUSTEIO;Soja;12;-;3750;2625;0,7;28560;1005,95;0,035222339;352,08;8439;23/10/2019;2019;5209937;1944,94; SECA
Aliança do Brasil Seguros S/A.;15414901479201927;52161167;1216320;03/09/2020;03/09/2020;03/09/2021;ANONIMIZADO;***;Bom Jesus da Penha;MG;S;21;3;44;W;46;30;57;-;-;CUSTEIO;Café;7;-;2250;1462,5;0,65;70000;2488,88;0,035555429;622,22;13823;08/09/2020;2020;3107604;14500; GEADA
Aliança do Brasil Seguros S/A.;15414901479201927;52111828;1210558;24/08/2020;24/08/2020;24/08/2021;ANONIMIZADO;***;Bagé;RS;S;31;22;32;W;54;24;48;-;-;CUSTEIO;Soja;33;-;3300;2310;0,7;100320;8025,6;0,08;2006,4;13512;25/08/2020;2020;4301602;46087,01; INUNDAÇÃO/TROMBA D´ÁGUA
Aliança do Brasil Seguros S/A.;15414901479201927;50457110;1045564;12/09/2019;12/09/2019;11/09/2020;ANONIMIZADO;***;São Borja;RS;S;28;48;34;W;55;44;39;-;-;CUSTEIO;Soja;100;-;3300;2475;0,75;190000;17490,22;0,092053789;6121,58;8197;27/09/2019;2019;4318002;137940; INUNDAÇÃO/TROMBA D´ÁGUA
Aliança do Brasil Seguros S/A.;15414901479201927;60055287;2020667;10/12/2024;10/12/2024;10/12/2025;ANONIMIZADO;***;Centenário do Sul;PR;-;-;-;-;-;-;-;-;-22,786615;-51,541869;CUSTEIO;Milho 2ª safra;56;-;4240;3180;0,75;851564,8;44580,3;0,052351037;17832,12;9697;06/01/2025;2025;4105102;-;-
Aliança do Brasil Seguros S/A.;15414901479201927;52073072;1193988;13/08/2020;13/08/2020;13/08/2021;ANONIMIZADO;***;Pitanga;PR;S;24;53;13;W;51;44;48;-;-;CUSTEIO;Feijão 1ª safra;15,91;-;2800;1960;0,7;44548;2870,86;0,064444195;717,72;13315;17/08/2020;2020;4119608;12086,45; CHUVA EXCESSIVA
Aliança do Brasil Seguros S/A.;15414901479201927;51429710;1104364;01/04/2020;01/04/2020;01/04/2021;ANONIMIZADO;***;Pejuçara;RS;S;28;25;25;W;53;43;51;-;-;CUSTEIO;Trigo;22,4;-;3000;1950;0,65;32821,38;5251,42;0,159999976;1838;11422;07/04/2020;2020;4314308;29936,38; GEADA
Aliança do Brasil Seguros S/A.;15414901479201927;57778745;1677787;11/01/2023;11/01/2023;11/01/2024;ANONIMIZADO;***;São Carlos do Ivaí;PR;-;-;-;-;-;-;-;-;-23,336224;-52,562212;CUSTEIO;Milho 2ª safra;36;-;4062;2640,3;0,65;175200;18932,95;0,108064783;7573,18;3769;19/01/2023;2023;4124608;0; DEMAIS CAUSAS
Aliança do Brasil Seguros S/A.;15414901479201927;51484862;1278459;16/04/2020;16/04/2020;16/04/2021;ANONIMIZADO;***;Itaqui;RS;S;29;20;25;W;56;22;18;-;-;CUSTEIO;Soja;37;-;2800;1820;0,65;96200;7696;0,08;1924;11515;17/04/2020;2020;4310603;6887,92; INUNDAÇÃO/TROMBA D´ÁGUA
Aliança do Brasil Seguros S/A.;15414901479201927;50687170;1048735;16/10/2019;16/10/2019;15/10/2020;ANONIMIZADO;***;Campo Verde;MT;S;15;33;53;W;55;20;37;-;-;CUSTEIO;Soja;66,82;-;3600;2880;0,8;170391;6645,25;0,039000006;1993,58;8509;25/10/2019;2019;5102678;65941,32; SECA
Aliança do Brasil Seguros S/A.;15414901479201927;55799129;1604407;27/01/2022;27/01/2022;27/01/2023;ANONIMIZADO;***;Nova Cantu;PR;-;-;-;-;-;-;-;-;-24,6489;-52,5928;CUSTEIO;Milho 2ª safra;12;-;6000;3900;0,65;45012;5251,4;0,116666667;2100,56;24576;31/01/2022;2022;4116802;24638,28; VENTOS FORTES/FRIOS
Aliança do Brasil Seguros S/A.;15414901479201927;51524804;1125010;23/04/2020;23/04/2020;23/04/2021;ANONIMIZADO;***;Ijuí;RS;S;28;18;12;W;53;53;12;-;-;CUSTEIO;Trigo;57,6;-;2985;1940,25;0,65;103680;16588,8;0,16;5806,08;11750;04/05/2020;2020;4310207;32917,9; GEADA
Aliança do Brasil Seguros S/A.;15414901479201927;53576433;1509506;04/02/2021;04/02/2021;04/02/2022;ANONIMIZADO;***;Edéia;GO;S;17;27;43;W;50;2;26;-;-;CUSTEIO;Milho 2ª safra;173,01;-;6799,38;4419,6;0,650000441;611708,01;37450,11;0,0612222;14980,04;17751;05/02/2021;2021;5207402;427033,35; VENTOS FORTES/FRIOS
Aliança do Brasil Seguros S/A.;15414901479201927;60054253;1984924;07/12/2024;07/12/2024;07/12/2025;ANONIMIZADO;***;Lobato;PR;-;-;-;-;-;-;-;-;-23,041729;-51,977928;CUSTEIO;Milho 2ª safra;41;-;4240;3180;0,75;351695,84;25425,03;0,072292666;10170,01;9686;06/01/2025;2025;4113601;-;-
Aliança do Brasil Seguros S/A.;15414901479201927;52078198;1196544;14/08/2020;14/08/2020;14/08/2021;ANONIMIZADO;***;Rio do Campo;SC;S;26;53;30;W;50;12;23;-;-;CUSTEIO;Arroz;17,22;-;7770;5439;0,7;86100;3157;0,036666667;789,25;13381;18/08/2020;2020;4214508;43032,78; CHUVA EXCESSIVA
Aliança do Brasil Seguros S/A.;15414901479201927;54248802;1344439;18/05/2021;18/05/2021;18/05/2022;ANONIMIZADO;***;Três Barras do Paraná;PR;S;25;28;11;W;53;20;38;-;-;CUSTEIO;Trigo;76,43;-;2700;1755;0,65;871898,15;27900,74;0,031999999;11160,3;19426;21/05/2021;2021;4127858;0; VENTOS FORTES/FRIOS
Aliança do Brasil Seguros S/A.;15414901479201927;50687174;1035814;16/10/2019;16/10/2019;15/10/2020;ANONIMIZADO;***;Ribeiro Gonçalves;PI;S;7;46;8;W;45;2;55;-;-;CUSTEIO;Soja;302;-;3000;2100;0,7;890900;80181;0,09;28063,35;8513;25/10/2019;2019;2208908;465581,83; SECA
Aliança do Brasil Seguros S/A.;15414901479201927;50604512;1059049;02/10/2019;02/10/2019;01/10/2020;ANONIMIZADO;***;Cianorte;PR;S;23;46;28;W;52;37;37;-;-;CUSTEIO;Soja;96,5;-;3500;2275;0,65;193000;16791;0,087;5876,85;8436;23/10/2019;2019;4105508;29193,52; SECA
Aliança do Brasil Seguros S/A.;15414901479201927;50861359;1067515;16/11/2019;16/11/2019;15/11/2020;ANONIMIZADO;***;São Borja;RS;S;28;37;50;W;55;49;31;-;-;CUSTEIO;Soja;45,5;-;3300;2475;0,75;91000;8190;0,09;2866,5;8978;21/11/2019;2019;4318002;135697,04; INUNDAÇÃO/TROMBA D´ÁGUA
Aliança do Brasil Seguros S/A.;15414901479201927;50418018;1045495;05/09/2019;05/09/2019;04/09/2020;ANONIMIZADO;***;Cascavel;PR;S;24;53;54;W;53;20;7;-;-;CUSTEIO;Soja;103,7;-;3600;2340;0,65;209170,16;11339;0,054209453;3968,65;8182;27/09/2019;2019;4104808;-;-
Aliança do Brasil Seguros S/A.;15414901479201927;51524579;1130941;20/04/2020;20/04/2020;20/04/2021;ANONIMIZADO;***;Reserva do Iguaçu;PR;S;25;44;33;W;51;55;9;-;-;CUSTEIO;Trigo;44,55;-;4600;3220;0,7;111375;6212,25;0,055777778;2174,29;11800;05/05/2020;2020;4121752;10101,71; GEADA
Aliança do Brasil Seguros S/A.;15414901479201927;60052654;1988839;04/12/2024;04/12/2024;04/12/2025;ANONIMIZADO;***;Centenário do Sul;PR;-;-;-;-;-;-;-;-;-22,766847;-51,540577;CUSTEIO;Milho 2ª safra;32;-;4240;3180;0,75;275338,08;18668,61;0,067802499;7467,44;9626;06/01/2025;2025;4105102;-;-
Aliança do Brasil Seguros S/A.;15414901479201927;50704868;1048257;23/10/2019;23/10/2019;22/10/2020;ANONIMIZADO;***;Sant'Ana do Livramento;RS;S;31;13;1;W;55;11;22;-;-;CUSTEIO;Soja;28;-;2835;1842,75;0,65;64400;4894,4;0,076;1713,04;8573;28/10/2019;2019;4317103;32558,65; SECA
Aliança do Brasil Seguros S/A.;15414901479201927;50615493;1046282;07/10/2019;07/10/2019;06/10/2020;ANONIMIZADO;***;Barbosa;SP;S;21;15;58;W;49;55;11;-;-;CUSTEIO;Soja;19;-;110000;77000;0,7;60895;1238,2;0,020333361;433,37;8352;15/10/2019;2019;3505104;21401,16; INCÊNDIO
Aliança do Brasil Seguros S/A.;15414901479201927;50457129;1046973;12/09/2019;12/09/2019;11/09/2020;ANONIMIZADO;***;Santa Terezinha;SC;S;26;46;53;W;50;2;59;-;-;CUSTEIO;Soja;21;-;3250;2112,5;0,65;38850;3156,85;0,0812574;1104,9;8238;01/10/2019;2019;4215679;-;-
Aliança do Brasil Seguros S/A.;15414602904202112;2025032001654801;2001910;21/03/2025;21/03/2025;21/03/2026;ANONIMIZADO;***;Jataí;GO;-;-;-;-;-;-;-;-;-18,02325434;-51,32357037;CUSTEIO;Milho 2ª safra;50;-;5000;3500;0,7;254349,99;19861,88;0,078088778;7944,75;2025111100000141;09/04/2025;2025;5211909;-;-
Aliança do Brasil Seguros S/A.;15414901479201927;54034797;1333705;29/03/2021;29/03/2021;29/03/2022;ANONIMIZADO;***;Colônia Jordãozinho;PR;S;25;32;38;W;51;29;41;-;-;CUSTEIO;Cevada;30;-;5500;3850;0,7;465000;8711;0,018733333;3484,4;18778;31/03/2021;2021;4109401;31317,54; GRANIZO
Aliança do Brasil Seguros S/A.;15414901479201927;50405413;1038692;03/09/2019;03/09/2019;02/09/2020;ANONIMIZADO;***;Nuporanga;SP;S;20;42;21;W;47;42;57;-;-;CUSTEIO;Cana-de-açúcar;42;-;95;66,5;0,7;105000;2183,72;0,020797333;764,3;8172;27/09/2019;2019;3533601;-;-
BRASILSEG COMPANHIA DE SEGUROS;15414609027202020;285363216;1998473;06/12/2024;06/12/2024;06/12/2025;ANONIMIZADO;***;Jataí;GO;-;-;-;-;-;-;-;-;-18,22182035;-51,77582882;CUSTEIO;Milho 2ª safra;211;-;6430;4501;0,7;1377824,61;116156,11;0,084303988;46462,44;385114;06/01/2025;2025;5211909;-;-
Aliança do Brasil Seguros S/A.;15414901479201927;50426013;1045476;06/09/2019;06/09/2019;05/09/2020;ANONIMIZADO;***;Honório Serpa;PR;S;26;7;34;W;52;22;10;-;-;CUSTEIO;Soja;145,2;-;3700;2775;0,75;290400;22211;0,07648416;7773,85;8189;27/09/2019;2019;4109658;-;-
Aliança do Brasil Seguros S/A.;15414901479201927;50611867;1038907;04/10/2019;04/10/2019;03/10/2020;ANONIMIZADO;***;Barbosa;SP;S;21;17;27;W;49;56;13;-;-;CUSTEIO;Cana-de-açúcar;60,5;-;110;77;0,7;193902,5;3942,67;0,02033326;1379,93;8312;14/10/2019;2019;3505104;107827,54; SECA
Aliança do Brasil Seguros S/A.;15414901479201927;52121029;1208818;25/08/2020;25/08/2020;25/08/2021;ANONIMIZADO;***;Nova Ubiratã;MT;S;13;17;25;W;54;40;55;-;-;CUSTEIO;Soja;200;-;3400;2720;0,8;453692;17693,98;0,038999982;4423,5;13559;26/08/2020;2020;5106240;205468,03; CHUVA EXCESSIVA
Aliança do Brasil Seguros S/A.;15414901479201927;55788617;1553981;25/01/2022;25/01/2022;25/01/2023;ANONIMIZADO;***;Anahy;PR;-;-;-;-;-;-;-;-;-24,5821;-53,101;CUSTEIO;Milho 2ª safra;20;-;3900;2535;0,65;96800;11293,32;0,116666529;4517,33;24687;31/01/2022;2022;4101051;17730,16; VENTOS FORTES/FRIOS
Aliança do Brasil Seguros S/A.;15414901479201927;52073079;1194362;13/08/2020;13/08/2020;13/08/2021;ANONIMIZADO;***;Pinhão;PR;S;25;43;18;W;51;50;27;-;-;CUSTEIO;Feijão 1ª safra;10;-;2800;1960;0,7;30000;1933,33;0,064444333;483,33;13295;14/08/2020;2020;4119301;7809; CHUVA EXCESSIVA
Aliança do Brasil Seguros S/A.;15414901479201927;54230338;1338037;17/05/2021;17/05/2021;17/05/2022;ANONIMIZADO;***;Corbélia;PR;S;24;39;28;W;53;14;28;-;-;CUSTEIO;Trigo;36;-;3207,35;2084,78;0,650000779;432000;13132,8;0,0304;5253,12;19401;19/05/2021;2021;4106308;43391,06; VARIAÇÃO EXCESSIVA DE TEMPERATURA
Aliança do Brasil Seguros S/A.;15414901479201927;57759433;1679160;05/01/2023;05/01/2023;05/01/2024;ANONIMIZADO;***;São Carlos do Ivaí;PR;-;-;-;-;-;-;-;-;-23,380711;-52,502091;CUSTEIO;Milho 2ª safra;59;-;3762;2445,3;0,65;2641600;526126;0,199169443;60000;3726;06/01/2023;2023;4124608;0; DEMAIS CAUSAS
Allianz Seguros S.A;15414002759200717;131582702;2014438;28/02/2025;28/02/2025;31/12/2025;ANONIMIZADO;***;Jataí;GO;S;17;59;6;W;51;35;37;-;-;PRODUTIVIDADE;Milho 2ª safra;113,92;-;6497,14;4548;0,700000308;569918,73;61699,65;0,108260436;24679,85;5177202579110004291;06/03/2025;2025;5211909;-;-
Aliança do Brasil Seguros S/A.;15414901479201927;57747038;1692802;04/01/2023;04/01/2023;04/01/2024;ANONIMIZADO;***;Santa Isabel do Ivaí;PR;-;-;-;-;-;-;-;-;-23,161431;-53,203233;CUSTEIO;Milho 2ª safra;34;-;3762;2445,3;0,65;631620;102383,84;0,16209721;46072,72;3721;05/01/2023;2023;4123709;0; DEMAIS CAUSAS
Aliança do Brasil Seguros S/A.;15414901479201927;51761738;1124503;17/06/2020;17/06/2020;17/06/2021;ANONIMIZADO;***;Nuporanga;SP;S;20;42;7;W;47;44;40;-;-;CUSTEIO;Cana-de-açúcar;52;-;120;84;0,7;248335,36;5049,48;0,020333311;2019,79;12514;19/06/2020;2020;3533601;101295,99; INCÊNDIO
Aliança do Brasil Seguros S/A.;15414901479201927;51338646;1148219;07/03/2020;07/03/2020;07/03/2021;ANONIMIZADO;***;Palma Sola;SC;S;26;21;52;W;53;11;41;-;-;CUSTEIO;Feijão 1ª safra;45,59;-;2400;1560;0,65;91180;7071,52;0,077555604;1767,88;10441;11/03/2020;2020;4212007;8096,78; GEADA
Aliança do Brasil Seguros S/A.;15414901479201927;52064515;1194229;11/08/2020;11/08/2020;11/08/2021;ANONIMIZADO;***;Palmeira das Missões;RS;S;27;48;21;W;53;17;48;-;-;CUSTEIO;Milho 1ª safra;32;-;8000;5600;0,7;112000;10080;0,09;2520;13298;14/08/2020;2020;4313706;62169,44; CHUVA EXCESSIVA
Aliança do Brasil Seguros S/A.;15414901479201927;54248797;1337369;18/05/2021;18/05/2021;18/05/2022;ANONIMIZADO;***;Nova Prata do Iguaçu;PR;S;25;37;51;W;53;19;84;-;-;CUSTEIO;Trigo;29,27;-;3000;1950;0,65;370997,25;11871,91;0,031999995;4748,76;19421;21/05/2021;2021;4117255;0; VENTOS FORTES/FRIOS
Aliança do Brasil Seguros S/A.;15414901479201927;50457123;1046984;12/09/2019;12/09/2019;11/09/2020;ANONIMIZADO;***;São Luiz Gonzaga;RS;S;28;21;56;W;55;3;54;-;-;CUSTEIO;Soja;20;-;3300;2310;0,7;40000;3273,02;0,0818255;1145,56;8234;01/10/2019;2019;4318903;19136; SECA
Aliança do Brasil Seguros S/A.;15414901479201927;50615498;1039148;07/10/2019;07/10/2019;18/09/2020;ANONIMIZADO;***;Penápolis;SP;S;21;19;35;W;50;7;42;-;-;CUSTEIO;Cana-de-açúcar;62;-;110;77;0,7;198710;4106,66;0,0206666;1437,33;8389;16/10/2019;2019;3537305;68479,91; SECA
Aliança do Brasil Seguros S/A.;15414901479201927;51161220;1087284;28/01/2020;28/01/2020;27/01/2021;ANONIMIZADO;***;Rancho Alegre d'Oeste;PR;S;24;13;54;W;52;52;21;-;-;CUSTEIO;Milho 2ª safra;55;-;6500;4225;0,65;135551,9;14232,95;0,105000004;4981,53;9794;29/01/2020;2020;4121356;4743,23; INUNDAÇÃO/TROMBA D´ÁGUA
Aliança do Brasil Seguros S/A.;15414901479201927;50411138;1038836;04/09/2019;04/09/2019;03/09/2020;ANONIMIZADO;***;Campo Florido;MG;S;19;43;39;W;48;30;37;-;-;CUSTEIO;Cana-de-açúcar;41,6;-;120;78;0,65;152318,82;2423,46;0,015910444;848,21;8179;27/09/2019;2019;3111408;-;-
Aliança do Brasil Seguros S/A.;15414901479201927;54924048;1502729;28/08/2021;28/08/2021;28/08/2022;ANONIMIZADO;***;Papanduva;SC;S;26;45;10;W;50;6;53;-;-;CUSTEIO;Arroz;21;-;6899;4829,3;0,7;126000,01;4774;0,037888886;1193,5;21582;01/09/2021;2021;4212205;0; GRANIZO
Aliança do Brasil Seguros S/A.;15414901479201927;50405359;1038777;29/08/2019;29/08/2019;28/08/2020;ANONIMIZADO;***;Veríssimo;MG;S;19;35;17;W;48;31;45;-;-;CUSTEIO;Cana-de-açúcar;118;-;100;65;0,65;432059,36;6726,98;0,015569574;2354,44;8124;12/09/2019;2019;3171105;-;-
Aliança do Brasil Seguros S/A.;15414901479201927;57765539;1679196;09/01/2023;09/01/2023;09/01/2024;ANONIMIZADO;***;Mandaguari;PR;-;-;-;-;-;-;-;-;-23,457329;-51,754584;CUSTEIO;Trigo;9;-;2053;1334,45;0,65;109060,79;20536,94;0,188307273;8214,77;3730;16/01/2023;2023;4114203;0; DEMAIS CAUSAS
Aliança do Brasil Seguros S/A.;15414901479201927;60049471;1988207;27/11/2024;27/11/2024;27/11/2025;ANONIMIZADO;***;Jataí;GO;-;-;-;-;-;-;-;-;-18,109499;-51,911011;CUSTEIO;Milho 2ª safra;241;-;5787;4050,9;0,7;1280124;120587,38;0,094199765;48234,95;9620;06/01/2025;2025;5211909;-;-
Aliança do Brasil Seguros S/A.;15414901479201927;50405394;1045465;30/08/2019;30/08/2019;29/08/2020;ANONIMIZADO;***;Novo Diamantino;MT;S;14;10;38;W;57;1;46;-;-;CUSTEIO;Soja;946,2;-;3750;3000;0,8;1987020;79262,17;0,039889971;23778,65;8157;27/09/2019;2019;5103502;-;-
Aliança do Brasil Seguros S/A.;15414901479201927;60054236;1984785;07/12/2024;07/12/2024;07/12/2025;ANONIMIZADO;***;Mandaguaçu;PR;-;-;-;-;-;-;-;-;-23,204514;-52,011344;CUSTEIO;Milho 2ª safra;38;-;4240;3180;0,75;318685,28;19642,19;0,061635071;7856,87;9669;06/01/2025;2025;4114104;-;-
Aliança do Brasil Seguros S/A.;15414901479201927;54248795;1334730;18/05/2021;18/05/2021;18/05/2022;ANONIMIZADO;***;Nova Prata do Iguaçu;PR;S;25;36;38;W;53;24;2;-;-;CUSTEIO;Trigo;20,5;-;3000;1950;0,65;259837,5;8314,8;0,032;3325,92;19406;20/05/2021;2021;4117255;0; VENTOS FORTES/FRIOS
Aliança do Brasil Seguros S/A.;15414901479201927;50670347;1049221;10/10/2019;10/10/2019;09/10/2020;ANONIMIZADO;***;Chapada dos Guimarães;MT;S;15;32;6;W;55;27;10;-;-;CUSTEIO;Soja;111;-;3000;2100;0,7;238761;8409,68;0,035222168;2943,39;8421;18/10/2019;2019;5103007;71896,43; SECA
Aliança do Brasil Seguros S/A.;15414901479201927;50411132;1045632;04/09/2019;04/09/2019;03/09/2020;ANONIMIZADO;***;Santa Helena de Goiás;GO;S;17;54;21;W;50;23;39;-;-;CUSTEIO;Soja;43,2;-;3750;2625;0,7;103925,38;3744;0,036025849;1310,4;8174;27/09/2019;2019;5219308;-;-
Aliança do Brasil Seguros S/A.;15414901479201927;54335187;1363925;09/06/2021;09/06/2021;09/06/2022;ANONIMIZADO;***;Colônia Vitória;PR;S;25;31;9;W;51;45;15;-;-;CUSTEIO;Cevada;44,5;-;5500;3850;0,7;667500;7045,83;0,010555551;2818,33;20199;14/06/2021;2021;4109401;18504,47; GRANIZO
Aliança do Brasil Seguros S/A.;15414901479201927;52897681;1275202;09/10/2020;09/10/2020;09/10/2021;ANONIMIZADO;***;Reserva do Iguaçu;PR;S;25;52;8;W;51;52;43;-;-;CUSTEIO;Soja;40,29;-;4200;3360;0,8;106768,5;3475,91;0,032555576;868,98;14856;14/10/2020;2020;4121752;16210,92; GRANIZO
Aliança do Brasil Seguros S/A.;15414901479201927;54338330;1367540;10/06/2021;10/06/2021;10/06/2022;ANONIMIZADO;***;Colônia Jordãozinho;PR;S;25;31;50;W;51;29;20;-;-;CUSTEIO;Trigo;11,7;-;4500;3150;0,7;163800;1827,27;0,011155495;730,91;20259;17/06/2021;2021;4109401;0; GRANIZO
Aliança do Brasil Seguros S/A.;15414901479201927;55763771;1558830;21/01/2022;21/01/2022;21/01/2023;ANONIMIZADO;***;São Jorge do Ivaí;PR;-;-;-;-;-;-;-;-;-23,5333;-52,3446;CUSTEIO;Milho 2ª safra;51;-;6600;4290;0,65;278210,7;32457,92;0,116666685;12983,17;24285;24/01/2022;2022;4125308;0; VENTOS FORTES/FRIOS
Aliança do Brasil Seguros S/A.;15414901479201927;51695722;1125143;05/06/2020;05/06/2020;05/06/2021;ANONIMIZADO;***;Manoel Viana;RS;S;29;19;41;W;55;33;47;-;-;CUSTEIO;Trigo;30;-;2633;1711,45;0,65;45000;7200;0,16;2880;12306;08/06/2020;2020;4311759;31444,13; GEADA
Aliança do Brasil Seguros S/A.;15414901479201927;55816011;1569518;31/01/2022;31/01/2022;31/01/2023;ANONIMIZADO;***;Atalaia;PR;-;-;-;-;-;-;-;-;-23,147773;-52,041182;CUSTEIO;Milho 2ª safra;28;-;6000;3900;0,65;126720;14784;0,116666667;5913,6;25296;27/04/2022;2022;4102208;0; VENTOS FORTES/FRIOS
Aliança do Brasil Seguros S/A.;15414901479201927;51524571;1127338;20/04/2020;20/04/2020;20/04/2021;ANONIMIZADO;***;Guarapuava;PR;S;25;15;34;W;51;42;20;-;-;CUSTEIO;Cevada;30;-;5500;3850;0,7;84000;7868;0,093666667;2753,8;11794;05/05/2020;2020;4109401;19908; GEADA
Aliança do Brasil Seguros S/A.;15414901479201927;51251621;1105994;15/02/2020;15/02/2020;14/02/2021;ANONIMIZADO;***;Capão Seco;MS;S;21;19;31;W;55;6;45;-;-;CUSTEIO;Milho 2ª safra;205;-;5500;3575;0,65;371378;28802,43;0,077555563;11520,97;9925;18/02/2020;2020;5007901;213586,61; VENTOS FORTES/FRIOS
Aliança do Brasil Seguros S/A.;15414901479201927;57884172;1678152;18/01/2023;18/01/2023;18/01/2024;ANONIMIZADO;***;Rancho Alegre;PR;-;-;-;-;-;-;-;-;-23,051651;-50,895367;CUSTEIO;Milho 2ª safra;14;-;4062;2640,3;0,65;204473,63;32633,98;0,159599945;13053,59;3754;19/01/2023;2023;4121307;0; DEMAIS CAUSAS
Aliança do Brasil Seguros S/A.;15414901479201927;52078147;1196604;14/08/2020;14/08/2020;14/08/2021;ANONIMIZADO;***;Campanha;MG;S;21;48;35;W;45;22;48;-;-;CUSTEIO;Milho 1ª safra;20;-;11385;9108;0,8;80000;4195,55;0,052444375;1048,89;13364;18/08/2020;2020;3110905;38240; GRANIZO
BRASILSEG COMPANHIA DE SEGUROS;15414609027202020;285363279;1996035;06/12/2024;06/12/2024;06/12/2025;ANONIMIZADO;***;Jataí;GO;-;-;-;-;-;-;-;-;-18,12881238;-51,94868193;CUSTEIO;Milho 2ª safra;75;-;6430;4501;0,7;490539,69;41782,27;0,085176125;16712,9;385152;06/01/2025;2025;5211909;-;-
Aliança do Brasil Seguros S/A.;15414901479201927;51048294;1090352;07/01/2020;07/01/2020;06/01/2021;ANONIMIZADO;***;Corbélia;PR;S;24;46;19;W;53;12;53;-;-;CUSTEIO;Milho 2ª safra;35,6;-;6500;4225;0,65;87739,05;9212,6;0,104999997;3224,41;9730;10/01/2020;2020;4106308;30577,06; INUNDAÇÃO/TROMBA D´ÁGUA
Aliança do Brasil Seguros S/A.;15414901479201927;57759432;1679183;05/01/2023;05/01/2023;05/01/2024;ANONIMIZADO;***;Alegrete;RS;-;-;-;-;-;-;-;-;-29,490549;-55,952586;CUSTEIO;Trigo;30;-;1661;1079,65;0,65;216172,5;40488,51;0,187297228;16195,4;3725;06/01/2023;2023;4300406;0; DEMAIS CAUSAS
Aliança do Brasil Seguros S/A.;15414901479201927;51425891;1090518;30/03/2020;30/03/2020;30/03/2021;ANONIMIZADO;***;Manoel Ribas;PR;S;24;29;58;W;51;28;16;-;-;CUSTEIO;Trigo;92,76;-;4570,72;3199,5;0,699999125;221696,4;12365,73;0,055777766;4328,01;11103;01/04/2020;2020;4114500;40774,38; GEADA
Aliança do Brasil Seguros S/A.;15414901479201927;52939189;1282735;22/10/2020;22/10/2020;22/10/2021;ANONIMIZADO;***;Veríssimo;MG;S;19;34;52;W;48;31;40;-;-;CUSTEIO;Cana-de-açúcar;486,1;-;102;66,3;0,65;1458300;27221,6;0,018666667;10888,64;15859;30/10/2020;2020;3171105;378635,49; GEADA
Aliança do Brasil Seguros S/A.;15414901479201927;50704865;1039174;23/10/2019;23/10/2019;22/10/2020;ANONIMIZADO;***;Birigui;SP;S;21;11;11;W;50;20;42;-;-;CUSTEIO;Cana-de-açúcar;22,78;-;110;71,5;0,65;73009,9;1135,71;0,015555562;397,5;8570;28/10/2019;2019;3506508;19815,88; SECA
Aliança do Brasil Seguros S/A.;15414901479201927;54280787;1338932;27/05/2021;27/05/2021;27/05/2022;ANONIMIZADO;***;Colônia Jordãozinho;PR;S;25;18;19;W;51;36;6;-;-;CUSTEIO;Cevada;26;-;5500;3850;0,7;403000;7549,53;0,018733325;3019,81;19677;31/05/2021;2021;4109401;2118,85; VENTOS FORTES/FRIOS
Aliança do Brasil Seguros S/A.;15414901479201927;60055285;1985074;10/12/2024;10/12/2024;10/12/2025;ANONIMIZADO;***;Centenário do Sul;PR;-;-;-;-;-;-;-;-;-22,903729;-51,585836;CUSTEIO;Milho 2ª safra;10;-;4240;3180;0,75;86194,24;5844,37;0,067804647;2337,74;9695;06/01/2025;2025;4105102;-;-
Aliança do Brasil Seguros S/A.;15414901479201927;51695726;1125154;05/06/2020;05/06/2020;05/06/2021;ANONIMIZADO;***;Manoel Viana;RS;S;29;19;41;W;55;33;47;-;-;CUSTEIO;Trigo;50;-;2633;1711,45;0,65;75000;12000;0,16;4800;12310;08/06/2020;2020;4311759;42352,5; GEADA
